,user_id,product_id,rating,comment
0,13855131,14848906,5,"Giao hรng nhanh, chแบฅt liแปu ฤแบนp, may cแบฉn thแบญn. Giรก trแป phรน hแปฃp vแปi giรก tiแปn."
1,14267676,14848906,5,"ฤแปc thแบฅy hay nรชn share lแบกi bรi viแบฟt sau:\nMรฌnh rแบฅt hay mua hรng online, vร thแปi gian gแบงn ฤรขy rแบฅt thฦฐแปng xuyรชn mua Tiki vรฌ Tiki khรก uy tรญn. Mรฌnh cลฉng รญt khi bรฌnh luแบญn nhฦฐng vแปซa rแปi gแบทp phแบฃi 1 sแป gian hรng lแปซa ฤแบฃo thฦฐฦกng hiแปu trรชn Tiki khiแบฟn mรฌnh rแบฅt bแปฉc xรบc nรชn viแบฟt bรi nรy.\nCรณ 1 sแป shop lแปซa ฤแบฃo nhฦฐ Phong Hรขn, copy hรฌnh แบฃnh vร nแปi dung tแปซ gian hรng khรกc nhฦฐ Goking, Everest, PL,โฆ nhฦฐng nhแบญn hรng khรดng phแบฃi Goking, Everest, PL mร lร thฦฐฦกng hiแปu khรกc hoแบทc ko cรณ nhรฃn hiแปu. Cฦก chแบฟ hiแปn thแป cแปงa Tiki rแบฅt dแป, cแปฉ shop nรo bรกn Goking lร lแบกi gom chung tแบฅt cแบฃ comment cแปงa tแบฅt cแบฃ mแปi shop vแป chung 1 chแป. Trong khi comment 1* ฤรณ lร cแปงa gian hรng Phong Hรขn, ko phแบฃi cแปงa GOKING. Vร ngฦฐแปฃc lแบกi cรกc comment 5* cแปงa shop Goking lแบกi nhแบฃy qua Phong Hรขn.\nVแบญy nรชn cรกc bแบกn phแบฃi hแบฟt sแปฉc cแบฉn thแบญn khi mua hรng trรชn Tiki, mua phแบฃi chแปn ฤรบng gian hรng cแปงa shop ""GOKING"", ko chแปn qua Phong Hรขn vร cรกc shop khรกc. Nhแบญn ฤฦฐแปฃc hรng phแบฃi kiแปm tra kแปน xem cรณ nhรฃn cแป hoแบทc thแบป bรi Goking khรดng nhรฉ (hรฌnh minh hแปa), hรng Goking thฦฐแปng bao bรฌ Nhแบญt Bแบฃn mรu xanh rแบฅt ฤแบนp.\nRแบฅt nhiแปu thฦฐฦกng hiแปu lแปn khรกc cลฉng ฤang bแป tรฌnh trแบกng โmulti-sourceโ trรชn, khiแบฟn ngฦฐแปi tiรชu dรนng mua nhแบงm phแบฃi hรng ฤแปu.\nBแบกn nรo thแบฅy bรi viแบฟt hแปฏu รญch thรฌ share cho mแปi ngฦฐแปi thรชm kiแบฟn thแปฉc nhรฉ."
2,1110677,14848906,5,"Tiki giao hรng nhanh hฦกn mรฌnh nghฤฉ, รกo cรณ ฤแป co giรฃn tแปt, vแป ฤฦฐแปng may thรฌ hแบงu nhฦฐ khรดng cรณ phแบงn chแป thแปซa. Cแบฃm thแบฅy hรi lรฒng khi chแปn lแปฑa Goking"
3,5704458,14848906,5,"รo mแบทc thoรกng mรกt, thoแบฃi mรกi, ox kรชu mua thรชm cแบทp nแปฏa"
4,1080859,14848906,1,"Trฦฐแปc giแป vแบซn ฤรกnh giรก cao chแบฅt lฦฐแปฃng phแปฅc vแปฅ vร ฤแป tin cแบญy vแป nguแปn hรng do Tiki cung cแบฅp. Vร, ฤแบทc biแปt lร lแบงn nรy, khi ฤรฃ cรณ 1 bแบกn cรนng chแป lรm vแปi mรฌnh ฤรฃ mua vร nhแบญn hรng chแบฅt lฦฐแปฃng rแบฅt แปn nรชn mรฌnh mแปi quyแบฟt ฤแปnh ฤแบทt 2 combo mua vแป cho ngฦฐแปi thรขn. ฤแบฟn lรบc nhแบญn hรng thรฌ mรฌnh quรก thแบฅt vแปng, nhฦฐ hรng gia cรดng luรดn, mรu cลฉng ko ฤรบng nแปฏa. Tแบกi sao Tiki cรณ thแป ฤแป trฦฐแปng hแปฃp hรng giแบฃ hรng nhรกi len lแปi vรo vแบญy?!!!"
5,681995,14848906,5,Ok
6,14267390,14848906,5,"Mรฌnh share bรi nรy tแปซ mแปt chแบฟ mua hรng cho cรกc bแบกn tham khแบฃo nhรฉ, mua hรng phแบฃi tแปnh tรกo ฤแปซng ham rแบป.\nCแบขNH BรO LแปชA ฤแบขO TRรN TIKI: Mรฌnh rแบฅt hay mua hรng online, vร thแปi gian gแบงn ฤรขy rแบฅt thฦฐแปng xuyรชn mua Tiki vรฌ Tiki khรก uy tรญn. Mรฌnh cลฉng รญt khi bรฌnh luแบญn nhฦฐng vแปซa rแปi gแบทp phแบฃi 1 sแป gian hรng lแปซa ฤแบฃo thฦฐฦกng hiแปu trรชn Tiki khiแบฟn mรฌnh rแบฅt bแปฉc xรบc nรชn viแบฟt bรi nรy.\nCรณ 1 sแป shop lแปซa ฤแบฃo nhฦฐ Phong Hรขn, copy hรฌnh แบฃnh vร nแปi dung tแปซ gian hรng khรกc nhฦฐ Goking, Everest, PL,โฆ nhฦฐng nhแบญn hรng khรดng phแบฃi Goking, Everest, PL mร lร thฦฐฦกng hiแปu khรกc hoแบทc ko cรณ nhรฃn hiแปu. Cฦก chแบฟ hiแปn thแป cแปงa Tiki rแบฅt dแป, cแปฉ shop nรo bรกn Goking lร lแบกi gom chung tแบฅt cแบฃ comment cแปงa tแบฅt cแบฃ mแปi shop vแป chung 1 chแป. Trong khi comment 1* ฤรณ lร cแปงa gian hรng Phong Hรขn, ko phแบฃi cแปงa GOKING. Vร ngฦฐแปฃc lแบกi cรกc comment 5* cแปงa shop Goking lแบกi nhแบฃy qua Phong Hรขn.\nVแบญy nรชn cรกc bแบกn phแบฃi hแบฟt sแปฉc cแบฉn thแบญn khi mua hรng trรชn Tiki, mua phแบฃi chแปn ฤรบng gian hรng cแปงa shop ""GOKING"", ko chแปn qua Phong Hรขn vร cรกc shop khรกc. Nhแบญn ฤฦฐแปฃc hรng phแบฃi kiแปm tra kแปน xem cรณ nhรฃn cแป hoแบทc thแบป bรi Goking khรดng nhรฉ (hรฌnh minh hแปa), hรng Goking thฦฐแปng bao bรฌ Nhแบญt Bแบฃn mรu xanh rแบฅt ฤแบนp.\nRแบฅt nhiแปu thฦฐฦกng hiแปu lแปn khรกc cลฉng ฤang bแป tรฌnh trแบกng โmulti-sourceโ trรชn, khiแบฟn ngฦฐแปi tiรชu dรนng mua nhแบงm phแบฃi hรng ฤแปu.\nBแบกn nรo thแบฅy bรi viแบฟt hแปฏu รญch thรฌ share cho mแปi ngฦฐแปi thรชm kiแบฟn thแปฉc nhรฉ."
7,11996028,14848906,5,"Form รกo suรดng thรญch hแปฃp cho cแบฃ nam nแปฏ luรดn kiแปu giแปng giแปng Unisex รก, Mรฌnh mua 2 cรกi cho mรฌnh vแปi bแบกn gรกi luรดn. Vแบฃi cotton mแบทc sฦฐแปng cแปฑc kแปณ, ai quan tรขm tแปi chแบฅt vแบฃi thรฌ mแบกnh dแบกng mร mua cแปงa shop nรy"
8,11959030,14848906,2,"mแบทc vแปซa, dung size, duong kim, mลฉi chแป ฤแบกt yรชu cแบงu."
9,23099250,14848906,5,good
10,11995948,14848906,5,"mรu cแปงa รกo rแบฅt ฤแบนp mรu nรy nhรฌn lแบก lแบก mแบฏt, รกo thun cแปงa shop mรฌnh mua cลฉng vรi lแบงn rแปi, giแบทt thแบฅy khรดng bแป xรน lรดng, bao bรฌ ฤรณng gรณi kแปน cรng"
11,11995983,14848906,5,"chแบฅt vแบฃi tแปt, sแป mแปn, mร mรกt tay nแปฏa, shop cรณ thฦฐ cแบฃm  ฦกn vร catalogue ฤแป khรกch cรณ thแป tham khแบฃo sแบฃn phแบฉm khรกc, sแบฝ แปงng hแป shop tiแบฟp."
12,2046748,14848906,5,"sแบฃn phแบฉm ฤรบng mรด tแบฃ, mฤc mรกt thoรกt mแป hรดi tแปt, sแบฝ แปงng hแป lแบงn sau"
13,26003777,14848906,5,oke
14,18048031,14848906,5,chแบฅt vแบฃi ฤแบนp ฤรณng gรณi cแบฉn thแบญn sau nรy sแบฝ mua hรng shop tiแบฟp
15,12179147,14848906,5,"รo chแบฅt lฦฐแปฃng, cotton thแบญt khรดng bแป pha, mแปi lแบงn mua lร phแบฃi 4-5 cรกi, thรnh khรกch trung thรnh cแปงa shop luรดn rแปi"
16,19974816,14848906,1,"hรng kรฉm chแบฅt lฦฐฦกng, khรดng nhฦฐ giแปi thiแปu"
17,15210274,14848906,5,"Hรng chรญnh hรฃng nรชn vแบฃi tแปt,side chuแบฉn.Shiper Tiki nhiแปt tรฌnh.vote 5 sao."
18,8703119,14848906,5,ฤc trong tแบงm giรก nรy. Dรนng thแปi gian nแปฏa nแบฟu ok thรฌ tiแบฟp tแปฅc แปงng hแป
19,1437089,14848906,5,"รo chแบฅt ฤแบนp, ฤฦฐแปng may chแบฏc chแบฏn, giรก thรnh tแปt, shop giao hรng nhanh, sแบฝ แปงng hแป tiแบฟp"
20,8631055,14848906,2,Shop nรชn kiแปm tra lแบกi sแป ฤo. Mรฌnh mua size M mแบทc nรณ hฦกi to. Chแบฅt vแบฃi cลฉng oke
21,15563594,14848906,5,Sแบฃn phแบฉm ฤแบนp mแบทc thoแบฃi mรกi vแปซa vแปi giรก tiแปn
22,14997728,14848906,5,"รกo chแบฅt ฤแบนp,k cรณ chแป thแปซa"
23,10143016,14848906,5,"Giao hรng nhanh, ฤรณng gรณi cแบฉn thแบญn, chแบฅt lฦฐแปฃng tแปt, ฤรกng mua trong tแบงm giรก"
24,7127293,14848906,5,"saฬn phรขฬm chรขฬt liรชฬฃu tรดฬt, mรชฬm maฬt, ฤeฬฃp nhฦฐ hiฬnh"
25,15114414,14848906,5,sแบฃn phแบฉm ฤรบng mรด tแบฃ\nsแบฝ แปงng hแป tiแบฟp
26,15728990,14848906,4,"cแปงng ฤฦฐแปฃc,vแบฃi mแปm ฤแบนp , hแปฃp lรฝ"
27,11476311,14848906,1,"Rat k hai long, k giong nhu hinh, rat te, that vong tiki qua !"
28,12292546,10776493,5,"Vแบฃi dแบงy mรกt, cรก nhรขn mh thรญch cแป รกo ko cรณ may tem mแบกt ฤแป phแบฃi cแบฏt bแป, vรฌ tem cแบก cรo da khรณ chแปu."
29,11804431,10776493,2,รo chแบฅt lฦฐแปฃng vแบฃi rแบฅt tแป ko nhฦฐ mong ฤแปฃi
30,16507844,10776493,5,"รo may rแบฅt cแบฉn thแบญn tแปซng ฤฦฐแปng kim, mลฉi chแป, mรกc รกo. Vแบฃi cotton mแปm mแบกi, mรu nhฦฐ hรฌnh. Chแป cรณ ฤiแปu รกo cho cแบฃ nam vร nแปฏ nรชn dรน chแปn size nhแป nhแบฅt mรฌnh mแบทc vแบซn hฦกi rแปng. Nรณi chung lร hรi lรฒng."
31,10293482,10776493,5,"Chแบฅt vแบฃi , kiแปu dรกng, mรu sแบฏc ฤแบนp nhฦฐng shop tฦฐ vแบฅn size S m7 52kg mแบทc ko vแปซa, chแบฏc size M mแปi vแปซa๐"
32,12179820,10776493,5,"lแบงn ฤแบงu mua mร thแบฅy rแบฅt yรชn tรขm, รกo cรณ giแบฅy chแปฉng nhแบญn cotton nแปฏa, mแบทc thรฌ mรกt thiแปt, mua lรขu rแปi giแป mแปi rรฃnh ฤแป lรชn ฤรกnh giรก, rแปi mua thรชm cรกi nแปฏa, chรบc shop buรดn may bรกn ฤแบฏt."
33,14492481,10776493,5,"Mรฌnh mua hรng bรชn shop Goking ฤรฃ 3 lแบงn rแปi, chแบฅt lฦฐแปฃng rแบฅt ok, thแบฅy mแบฅy bแบกn comment mua hรng Goking nhฦฐng giao thฦฐฦกng hiแปu khรกc. Mรฌnh share bรi viแบฟt nรy ฤแป nhแปฏng bแบกn sau mua hรng cแบฉn thแบญn nhรฉ.\nCรณ 1 sแป shop lแปซa ฤแบฃo nhฦฐ Phong Hรขn, copy hรฌnh แบฃnh vร nแปi dung tแปซ gian hรng khรกc nhฦฐ Goking, Everest, PL,โฆ nhฦฐng nhแบญn hรng khรดng phแบฃi Goking, Everest, PL mร lร thฦฐฦกng hiแปu khรกc hoแบทc ko cรณ nhรฃn hiแปu. Cฦก chแบฟ hiแปn thแป cแปงa Tiki rแบฅt dแป, cแปฉ shop nรo bรกn Goking lร lแบกi gom chung tแบฅt cแบฃ comment cแปงa tแบฅt cแบฃ mแปi shop vแป chung 1 chแป. Trong khi comment 1* ฤรณ lร cแปงa gian hรng Phong Hรขn, ko phแบฃi cแปงa GOKING. Vร ngฦฐแปฃc lแบกi cรกc comment 5* cแปงa shop Goking lแบกi nhแบฃy qua Phong Hรขn.\nVแบญy nรชn cรกc bแบกn phแบฃi hแบฟt sแปฉc cแบฉn thแบญn khi mua hรng trรชn Tiki, mua phแบฃi chแปn ฤรบng gian hรng cแปงa shop ""GOKING"", ko chแปn qua Phong Hรขn vร cรกc shop khรกc. Nhแบญn ฤฦฐแปฃc hรng phแบฃi kiแปm tra kแปน xem cรณ nhรฃn cแป hoแบทc thแบป bรi Goking khรดng nhรฉ (hรฌnh minh hแปa), hรng Goking thฦฐแปng bao bรฌ Nhแบญt Bแบฃn mรu xanh rแบฅt ฤแบนp."
34,11995613,10776493,5,"Tiki ฤรฃ tรกch Nhร phรขn phแปi ฤแบกi lรฝ riรชng ra, nรชn giแป mua Goking khรดng cรฒn lo bแป lแปn qua shop giแบฃ khรกc nแปฏa. ฤแบฃm bแบฃo ฤรบng hรng chรญnh hรฃng Goking."
35,1536014,10776493,1,Tรดi cรณ ฤแบทt 2 cรกi รกo ฤen vร xรกm แป shop nรy. รo Goking gรฌ ฤแบฅy nhฦฐng nhแบญn vแป thรฌ lแบกi thแบฅy T&D chแบฃ hiแปu sao. Chแปn size theo ฤรบng mรด tแบฃ lร size L nhฦฐng lแบฅy vแป thรฌ nhฦฐ size S chแบฏc cho con nรญt mแบทc. Chแบฅt lฦฐแปฃng vแบฃi cแปฑc kแปณ tแป hแบกi. รo mรu trแบฏng mแบทc nhฦฐ khรดng mแบทc ฤรฃ vแบญy ฤฦฐแปng chแป may cแปฑc cแบฉu thแบฃ vร mรฉo mรณ. Chแบฅt lฦฐแปฃng khรดng ฤรกng bแบฑng 1 cรกi รกo ngoรi chแปฃ nรณi chi ฤรขy lแบกi lร hรng shop bรกn onl. Nรณi chung ฤรขy lร lแบงn ฤแบงu tiรชn ฤรกnh giรก vร cลฉng lร lแบงn cuแปi ฤรกnh giรก แป cรกi shop nรy. ฤแป nghแป Tiki xem xรฉt.
36,9777541,10776493,5,Chแบฅt lฦฐแปฃng tแปt
37,7977183,10776493,1,"Sแบฃn phแบฉm khรดng ฤรบng mรด tแบฃ, khรดng ฤรบng thฦฐฦกng hiแปu Goking. Giao hรng 2 cรกi hai chแบฅt liแปu thun khรกc nhau, vร giao sai luรดn cแบฃ mรu รกo mรฌnh ฤรฃ ฤแบทt. Chแป vรฌ thแบฅy nhiแปu bแบกn nhแบญn xรฉt ""hรi lรฒng, xuแบฅt sแบฏc,... "" cho nรชn mรฌnh mแปi ""ฤu theo"". Thรดi thรฌ an แปงi tiแปn nรo cแปงa nแบฅy, chแปฉ khรดng phแบฃi giแบฃm giรก ฤรขu."
38,12179575,10776493,5,Rแบฅt thรญch thฦฐฦกng hiแปu Goking. รo cotton mแบทc mรกt.
39,12179147,10776493,5,"mua cแปงa shop lแบงn thแปฉ 2 vแบซn rแบฅt hรi lรฒng, cแบฃ nhร mรฌnh tin tฦฐแปng mua รกo thun cแปงa shop"
40,11995686,10776493,5,Chแปn lแปn size ฤฦฐแปฃc shop ฤแปi lแบกi rแบฅt nhanh chรณng. Hรi lรฒng.
41,12846256,10776493,5,ฤรฃ nhแบญn hรng. sp ฤแบนp
42,12846256,10776493,5,ฤรฃ nhแบญn hรng sp ฤแบนp
43,11995883,10776493,5,"Mรu ฤen nฤm nay chแบฅt lฦฐแปฃng tแปt hฦกn nฤm ngoรกi, รญt cรฒn bแป dรญnh bแปฅi vแบฃi cotton vรo ngฦฐแปi."
44,11995948,10776493,5,nhแปฏng ngฦฐแปi cรณ mแปก nhฦฐ tรดi mแบทc รกo nรy mแปi chแปu nแปi.chuแบฉn mรกt
45,9777541,10776493,5,giao hรng nhanh
46,12846256,10776493,5,ฤแบนp
47,8213550,10776493,5,dep
48,14257947,10776493,5,"tui ฤรฃ thแปญ nhแป nฦฐแปc vรo, thแบฅm hรบt rแบฅt tแปt, Giแบทt nhiแปu nฦฐแปc cลฉng ko thแบฅy xรน lรดng.  Nรณi chung lร mแปi ngฦฐแปi nรชn mua thฦฐฦกng hiแปu GOKING, รกo rแบฅt chแบฅt lฦฐแปฃng,"
49,14267149,10776493,5,"shop tฦฐ vแบฅn cho mรฌnh rแบฅt nhanh, giao hรng cลฉng nhanh nแปฏa, cแบงm รกo trรชn tay mร thรญch dแป sแปฃ, mแปn mรกt ฤแบนp"
50,1654933,10776493,5,good
51,1654933,10776493,5,good
52,1604203,10776493,5,"รo thun thoรกt nhiแปt GOKING:\nChแบฅt liแปu vแบฃi dแป chแปu, form รกo tแปt"
53,14397721,10776493,1,Gแปi Tแบกm ฤฦฐแปฃc vรฌ rแบป tiแปn mร
54,12179147,164310669,5,"Hรฌnh in cute, rรต nรฉt, khรดng bแป dรญnh hay bong trรณc. ฤรณng gรณi rแบฅt ฤแบนp. Rแบฅt hรi lรฒng."
55,11995883,164310669,5,"hรฌnh in cute dแป sแปฃ, mร mรกy mรฌnh chแปฅp lรชn kแปณ quรก, mรu khรดng giแปng, mแบทc ฤแบนp, hรi lรฒng."
56,12179820,164310669,5,Cรฒn รญt chแป thแปซa nhฦฐng khรดng ฤรกng kแป. รo phรดng mแบทc mรกt. hรฌnh in sแบฏc nรฉt vร mแปm mแบกi.
57,12179575,164313903,4,"hรฌnh in sแบฏc nรฉt, giรก cแบฃ phรน hแปฃp chแบฅt lฦฐแปฃng"
58,19632952,84963179,1,"ฤแบทt 2 รกo cรนng 1 size giao 2 รกo khรกc size khรกc chแบฅt vแบฃi, nรณi chung ae ko nรชn mua shop nรy.Ae nรชn lรชn FB mua รกo thun mแบฅy chแปฅc k 2 3 รกo,free ship ngon hฦกn"
59,29523477,84963179,1,รo ฤแบทc ngฦฐแปi lแปn giแป vแป cho em bรฉ 3 tuแปi mแบทc
60,26779900,84963179,1,"Hรng kรฉm chแบฅt luong,ko giong hรฌnh,mua vแป lรm dแบป lau thรฌ ฤc"
61,14284387,84963179,1,"hรng lแปi, size tรนm lum ta nhฦฐ nรนi giแบป"
62,27740422,84963179,1,รo 3xl mร giแปng nhฦฐ รกo ฤรn bร dแบญy shop ? Bแป bรชn shop chแป bรกn รกo ฤรn bร thรดi khรดng bรกn รกo ฤรn รดng hแบฃ?
63,9678030,84963179,5,Ok
64,22691064,84963179,1,"Shop giao lแปn รกo nแปฏ, e mua รกo nam"
65,19539029,84963179,1,Sแบฃn phแบฉm ko giแปng hรฌnh ko size quรก nhแป vแปi size ฤแบทt
66,12862311,84963179,1,Mua thแปญ 4 cรกi.  Giรก thรฌ quรก rแบป vร chแบฅt lฦฐแปฃng cลฉng quรก kรฉm.  y nhฦฐ giรก vแบญy
67,27098951,84963179,5,"รo ฤแบนp nha  , con gรกi mแบทc cลฉng ฤแบนp nแปฏa รก"
68,13963972,84963179,4,รo khi mแบทc cรณ mแบฅy vแปฅn vแบฃi dรญnh lรชn ngฦฐแปi
69,13155078,84963179,1,"ao bแป cลฉ chat lieu vแบฃi ko dep,"
70,11450571,84963179,1,Khรดng mแปn mแบทc vรo nhรกm xรฌ
71,20129900,84963179,2,รo bj bung chแป ฤแป long mแบทc 2 lแบงn ngแปฉa hแบฟt mik
72,28462243,84963179,5,Chแบฅt vแบฃi mแปm mแบทc thoแบฃi mรกi
73,5615425,84963179,1,Mua quแบงn mร gแปญi toรn rรกc.
74,5654427,84963179,3,รกo ฤรบng nhฦฐ hรฌnh nhฦฐng chแบฅt lฦฐแปฃng thรฌ ฤรบng lร ฤi kรจm giรก tiแปn
75,11177166,84963179,3,รo vรฃi mแปng Size XL chiแปu dรi quรก ngแบฏn.
76,10215044,84963179,5,"รo ฤแบนp, rแบป, giao hรng thรขn thiแปn."
77,12134941,84963179,1,Chรช trรกch shop lรm ฤn hk cรณ tรขm ๐
78,22948637,84963179,5,aoa vแปซa vฤn ฤแบนp giแปฑt r nรชn ko cรณ แบฃnh
79,17274953,84963179,1,"รo trแบญt,ko ฤรบng size,chแบฅt liแปu ko nhฦฐ mรด tแบฃ"
80,15544063,84963179,5,giao lแปn mรu xanh rแปi vร sai รo
81,15544063,84963179,5,giao lแปn mรu รo vร sai ao rแปi
82,16378406,84963179,2,khรกc cแป แบฃo vร giao quรก sแปm
83,1801332,84963179,4,1 trong 2 รกo cรณ bแปฉt chแป bรชn vai trรกi 1 tรญ.
84,27473709,84963179,1,รกo mแปi mua bแป bung chแป phแบงn tay รกo
85,1664714,84963179,1,รกo rแปng quรก khแปng mแบทc vแปซa
86,24513370,84963179,1,Hรng ko ฤรบng hรฌnh cho 1 sao
87,24513370,84963179,1,Hรng ko ฤรบng hรฌnh cho 1 sao
88,24513370,84963179,1,Hรng ko ฤรบng hรฌnh cho 1 sao
89,26634410,84963179,5,รกo ฤแบนp ฤรบng nhฦฐ sแบฃn phแบฉm
90,14778394,84963179,1,"รo xแบฅu, giao khรดng ฤรบng size khรดng giแปng nhฦฐ แบฃnh"
91,11038442,84963179,5,ok
92,26667898,84963179,5,mรกt mแบป
93,23990699,84963179,1,รกo nhฦฐ cccccccccccccccccccccccccccc
94,24201881,84963179,5,sแบฃn phแบฉm rแบฅt tแปt nรชn cho 5 sao
95,20670435,84963179,5,ok
96,12740088,84963179,2,"ko ฤแบนp, vแบฃi cแปฉng.xxxxxxxxx"
97,12740088,84963179,1,"รกo xแบฅu, giao ko ฤรบng side"
98,23602267,84963179,5,Ok
99,24201881,84963179,5,ok
100,24201881,84963179,5,ok
101,8277811,84963179,1,chรกn รกo xรน lรดng mแบทt nรณng chรกn
102,16877862,84963179,3,(*) ฤรกnh giรก khรดng tรญnh ฤiแปm\nรo ok mร 4xl nhฦฐ do em bรฉ
103,12179575,164313025,5,"Rแบฅt thรญch thฦฐฦกng hiแปu Goking, rแบฅt nhiแปu mแบซu in ฤแบนp vร รฝ nghฤฉa. รo thun cotton mแบทc mรกt."
104,12179147,164313025,4,"mรฌnh hay chแบกy xe, hoแบกt ฤแปng nhiแปu nรชn mแบทc รกo nรy rแบฅt mรกt, mua รกo nรy cho cแบฃ nhรณm mรฌnh luรดn, hรi lรฒng."
105,22580465,176251118,5,รo ฤแบนp nguyรชn box thแบญt tiแปn lแปฃi. รo thun cฦก bแบฃn cแปงa shop vแบฃi mแปn mแบทc mรกt. ฤแปฃt trฦฐแปc mรฌnh cรณ mua รกo cแปงa hรฃng CoolMate thรฌ thแบฅy chแบฅt lฦฐแปฃng ฤi xuแปng mร giรก cแปงa bรชn ฤแบฅy khรดng tแปt nhฦฐ shop.
106,26183739,176251118,5,"Giao hรng 2h quรก nhanh luรดn แบก, sรกng ฤแบทt chiแปu cรณ liแปn, chแบฅt lฦฐแปฃng รกo khแปi bรn luรดn แบก, tแปซng mua quแบงn tแบฅt cแปงa shop , mua thรชm รกo. Mแบทc rแบฅt vแปซa , rแบฅt hรi lรฒng แบก, thแบฅy chแบฅt lฦฐแปฃng, ฤรณng gรณi dแปch vแปฅ tแปt hฦกn cรกc lแบงn trฦฐแปc รก . 5*, sแบฝ tiแบฟp tแปฅc แปงng hแป a."
107,26283484,176251118,5,"Mรu sแบฏc giแปng nhฦฐ แบฃnh, lแปฑa theo bแบฃng size cแปงa shop rแบฅt vแปซa, mแบทc ฤแบนp. sแป chแบฅt vแบฃi mแปm mแปn mแบทc mรกt. Giแบทt ฤฦฐแปฃc 2 lแบงn , รกo khรดng bแป phai mรu, cลฉng khรดng bแป nhฤn. giรก tiแปn vร chแบฅt lฦฐแปฃng dแปch vแปฅ tฦฐฦกng xแปฉng.  5* แปงng hแป nรชn mua nhรฉ"
108,26173589,176251118,5,"ฤรณng gรณi ฤแบนp,  2 รกo ฤแปฑng trong 2 hแปp, thรดng tin rแบฅt rรต rรng. Hรng thฦฐฦกng hiแปu, giรก bรฌnh แปn. Chat cho shop nhแป tฦฐ vแบฅn vร ฤฦฐแปฃc phแบฃn hแปi rแบฅt nhanh, thรขn thiแปn, chแบฅt lฦฐแปฃng ฤแบฟn dแปch vแปฅ mรฌnh ฤแปu rแบฅt hรi lรฒng, vote 5 * cho Shopp"
109,13613087,176251118,5,"Mua lแบกi lแบงn 2 nhฦฐng vแบซn rแบฅt ฦฐng, ฤรณng gรณi cแบฉn thแบญn, sแบฃn phแบฉm tแปt so vแปi giรก tiแปn"
110,26119705,176251118,5,"Rแบฅt hรi lรฒng , mua cแปงa shop 5 ฤฦกn rแปi, trฦฐแปc ฤรฃ dรนng tแบฅt, quแบงn lรณt quแบงn ฤรนi. giแป mua thรชm รกo thun luรดn แบก. Hรng ฤแบนp, ฤรณng gรณi tแปt. Giao hรng nhanh sแป 1 luรดn แบก, em toรn chแปn tikinow 2h nรชn cแบงn lร cรณ ngay, 5/5 * luรดn,."
111,26252391,176251118,5,"Chแบฅt รกo ฤแบนp, thun cotton 95% mแปm mแปn, sแป mรกt. co giรฃn khรก tแปt. mแบทc mรนa hรจ mรกt. Shop ฤรณng gรณi ฤแบนp, Tiki giao hรng thรฌ siรชu nhanh rแปi."
112,656032,176251118,4,Giao hรng nhanh\r\nฤรบng sแบฃn phแบฉm
113,26074633,176251118,5,"Vแปซa nhแบญn hรng แบก, hแปp bรชn ngoรi hฦกi รณp do vแบญn chuyแปn, cรฒn sแบฃn phแบฉm bรชn trong cรฒn cรณ hแปp cแปงa shop, bแปc cแบฉn thแบญn. rแบฅt hรi lรฒng, chแบฅt lฦฐแปฃng chแบฏc ฤแป รดng xรฃ mแบทc xem thแบฟ nรo, sp tแปt em sแบฝ แปงng hแป tiแบฟp แบก."
114,10662864,176251118,4,รo thun trแบฏng khรดng cรณ logo dแบญp trรชn ngแปฑc รกo?
115,21648132,176251118,5,รo ฤแบนp tuyet vแปi
116,28408178,176251118,5,รo khรก ฤแบนp. Chแบฅt vแบฃi trฦกn. Shop tฦฐ vรขnd nhiแปt tรฌnh. Nc lร sแบฝ แปงng hแป thรชm
117,7692569,176251118,5,"Chแบฅt liแปu mแปm, mแบทc thรญch, ฤรณng gรณi cแบฉn thแบญn."
118,11687390,176251118,1,"Shop quแบฃng cรกo size xl cho ngฦฐแปi 78kg mร ngฦฐแปi nhร mรฌnh 72 kg, cao 1m72 mแบทc chแบญt nhฦฐ bรณ giรฒ chแบฃ. Shop bรกn hรng ko cรณ tรขm."
119,27060399,176251118,5,"Mแบทc 1 tuแบงn rแปi, ฤรกnh giรก chแบฅt lฦฐแปฃng แปn, mแบทc thoแบฃi mรกi, vแบฃi mรกt, co giรฃn tแปt. giแบทt khรดng bแป ra mรu, khรดng bแป nhฤn sau vรi lแบงn dรนng. Sแบฝ mua lแบกi, hรi lรฒng !!"
120,27151271,176251118,5,"thoรกng mรกt, co dรฃn tแปt"
121,26511446,176251118,2,Shop cho ฤแปi lแบกi size L ฤc ko? Size M mร s nhแป quรก๐ฅถ๐ฅถ๐ฅถ
122,27001924,176251118,5,"Thun cotton mแปm mแปn, sแป mรกt. รo ฤem giแบทt lแบงn ฤแบงu khรดng bแป ra mรu, Form rแปng, chแปng mรฌnh 68kg mแบทc L rแปng rรฃi thoแบฃi mรกi. รo ฤแบนp thแบฅy mแบทc suแปt ร :))"
123,27149789,176251118,5,"Mua cho bแป แบก, รกo rแบฅt ฤแบนp bแป em rแบฅt thรญch. cแบฃm ฦกn shop, mรณn quร tuyแปt vแปi dรnh tแบทng bแป dแปp sinh nhแบญt. sแบฝ tiแบฟp tแปฅc แปงng hแป shop แบก"
124,8316515,176251118,5,"Vแบฃi ฤแบนp co giรฃn tแปt, bao bรฌ ฤรณng gรณi sang. แปฆng hแป Shop ๐"
125,27149769,176251118,5,"sแบฃn phแบฉm chแบฅt lฦฐแปฃng, mรฌnh toรn mua ฤแป cho ong xรฃ แป ฤรขy. rแบฅt hรi lรฒng vแป chแบฅt lฦฐแปฃng cลฉng nhฦฐ bao bรฌ ฤรณng gรณi ฤแบนp, cแบฉn thแบญn"
126,26287855,176251118,5,"ฤรณng gรณi ฤแบนp, mua tแบทng quร sinh nhแบญt แบก, Bแบกn mรฌnh mแบทc rแบฅt vแปซa รกo cแปงa shop. Shop giao hรng nhanh nhแบญn ฤรบng dแปp SNhat. 5* tuyแปt vแปi luรดn แบก"
127,17341182,176251118,5,ok
128,26744054,176251118,5,..
129,27146689,176251118,5,"Rแบฅt hรi lรฒng, chแบฅt lฦฐแปฃng tแปt trong tแบงm giรก, cรณ now2h ฤแบทt hรng cรณ ngay, lแบกi cรฒn ฤฦฐแปฃc hแป trแปฃ phรญ vแบญn chuyแปn 5*"
130,8166489,176251118,4,"Vแบฃi แปn, khรดng nรชn giแบทt mรกy"
131,27146804,176251118,5,"mua lแบงn 2, chแบฅt lฦฐแปฃng vแบซn ฤฦฐแปฃc ฤฦฐแปฃc ฤแบฃm bแบฃo nhฦฐ trฦฐแปc, รกo co giรฃn tแปt, vแบฃi mรกt, thแบฅm hรบt mแป hรดi tแปt."
132,18219117,176251118,4,Kiแปu dรกng ฤแบนp
133,1811047,176251118,5,"Giao hรng nhanh, ฤรณng gรณi cลฉng ฤแบนp. รo thรฌ tแปt ฤรบng quแบฃng cรกo ๐ฆ๐ฆ๐ฆ"
134,16894197,176251118,1,Mรฌnh tin tฦฐแปng shop vร แปงng hแป hรng Vn. Nhฦฐng hรng chแบฅt lฦฐแปฃng kรฉm quรก. Nhแบน cรกi lร rรกch luรดn. Quรก thแบฅt vแปng
135,21326403,176251118,5,Hรi lรฒng vแป sแบฃn phแบฉm \r\nGiao hรng nhanh
136,26173643,176251118,5,"Rแบฅt chแบฅt lฦฐแปฃng, sแบฃn phแบฉm chแบฅt lฦฐแปฃng tฦฐฦกng ฤฦฐฦกng mรฌnh chแปn cho รดng xรฃ ngoรi tiแปm khรดng cรณ giรก tแปt vแบญy แบก. !"
137,319752,176251118,5,"ฤแบนp, mแบทc mรกt"
138,27146669,176251118,5,"รกo form mแบทc rแปng thoแบฃi mรกi, hฦกi รญt mรu ฤแป chแปn, mong shop cรณ thรชm cรกc mรu khรกc ฤแป thay ฤแปi."
139,26183798,176251118,5,"รo rแบฅt vแปซa, ฤแบนp. mแบทc rแบฅt thoแบฃi mรกi. mua 5 6 ฤฦกn cแปงa shop nรy rแปi, sแบฃn phแบฉm nรo cลฉng rแบฅt hรi lรฒng"
140,27081140,176251118,5,"hรi lรฒng, mรฌnh rแบฅt thรญch dรนng ฤแป cแปงa hรฃng MRM nรy. chแบฅt lฦฐแปฃng dแปch vแปฅ ฤแปu rแบฅt hรi lรฒng"
141,27146847,176251118,5,"รกo thun ฤแบนp, hแปp ฤรณng gรณi rแบฅt cแบฉn thแบญn, nhแบญn hรng rแบฅt hรi lรฒng, sแบฝ tiแบฟp tแปฅc แปงng hแป"
142,27143043,176251118,5,"Shop chแบฅt lฦฐแปฃng, giao nhanh, ฤรบng size mแบซu mรฃ. รกo ฤแบนp, 57kg mแบทc size M rแบฅt vแปซa, cแบฃm ฦกn"
143,27042492,176251118,5,"รo ฤแบนp, chuแบฉn. Mih 75kg mแบทc XL vแปซa thoแบฃi mรกi, 3 mรu chแปฉ nhiแปu mรu nแปฏa lร cลฉng mua thรชm."
144,14020562,176251118,5,"Mแบทc ฤแบนp, mรกt"
145,27026578,176251118,5,"รo thun ฤแบนp , mแบทc khรดng bแป nรณng. ฤฦฐแปng chแป may tแปt รญt chแป thแปซa, sp cao cแบฅp ฤรกng tiแปn"
146,27091655,176251118,5,"ฤแบนp, chแบฅt lฦฐแปฃng - dแปch vแปฅ 5*. hรng viแปt nam nรชn mua , giรก mแปm, giao tiki2h siรชu nhanh."
147,10118357,176251118,5,"Vแปซa vแบทn, รกo mแบทc mรกt, ฤแป dรฃn tแปt"
148,26825207,176251118,5,Rแบป vร tแปt
149,26288362,176251118,5,"Hรi lรฒng, Form size rแบฅt vแปซa mรฌnh 75kg mแบทc XL khรก vแปซa thoแบฃi mรกi. รo chแบฅt thun mแปm, mแบทc mรกt"
150,1321151,176251118,3,"Bรฌnh thฦฐแปng. Thqams mแป hรดi, nhฦฐng แปง mรนi nhiแปu"
151,27149696,176251118,5,"รo rแบฅt ฤแบนp, ฤรบng nhฦฐ mรฌnh kรฌ vแปng, sแบฝ tiแบฟp tแปฅc แปงng hแป Brand viแปt"
152,328418,176251118,5,รกo tuyแปt vแปi so vแปi giรก. mรฌnh mang size M. vแบฃi mแปn thoแบฃi mรกi. gแปn ฤแบนp
153,24781095,176251118,5,Cuc ki hai long
154,27769822,176251118,5,Chแบฅt vแบฃi ฤแบนp.ฤรณng gรณi cแบฉn thแบญn.giao hรng nhanh.
155,27091775,176251118,5,"Giao nhanh, ฤแบทt sรกng, chiแปu nhแบญn ฤฦฐแปฃc luรดn. mแบทc tแปt sแบฝ mua thรชm"
156,1070585,176251118,5,"รกo nรy slim fit nรชn cรณ nhแป shop ฤแปi lแบกi size รกo, thanks shop"
157,27081109,176251118,5,"Uy tรญn, chแบฅt lฦฐแปฃng. mแบซu mรฃ rแบฅt ฤแบนp. toรn dรนng ฤแป cแปงa shop"
158,26119751,176251118,5,"Tikinow 2h siรชu nhanh, ny em mแบทc rแบฅt ฤแบนp shop แบก. ฤรณng gรณi cแบฉn thแบญn"
159,27026604,176251118,5,"Hรi lรฒng - dแปch vแปฅ giao hรng ฤรณng gรณi, chแบฅt lฦฐแปฃng sp ฤแปu tแปt"
160,27042461,176251118,5,Hรi lรฒng . mua lแบงn 2 rแปi. รo dรนng 1 thแปi gian vแบซn cรฒn tแปt 5*
161,27368815,176251118,5,"รกo tแปt, giรก hแปฃp lรญ"
162,28305089,176251118,4,รo hฦกi mแปng
163,10582314,176251118,5,"รo chแบฅt lฦฐแปฃng, giao trong ngรy nhanh"
164,27019708,176251118,5,Chแบฅt lฦฐแปฃng tแปt
165,27019691,176251118,5,"Chแบฅt ฤแบนp, giao tiki 2h siรชu nhanh, cแปฑc kรฌ hรi lรฒng nha."
166,27060423,176251118,5,"รกo rแบฅt ฤแบนp, vแบฃi mแปn, may chแบฏc chแบฏn. hรi lรฒng"
167,27368832,176251118,5,chแบฅt lฦฐแปฃng tแปt
168,899162,176251118,5,"chแบฅt liแปu mรกt, mแปm, form dรกng thoแบฃi mรกi"
169,27042299,176251118,5,"ฤแบนp, rแปng thoแบฃi mรกi. Shop tฦฐ vแบฅn tแปt tks !"
170,26283526,176251118,5,"Hรng viแปt nam, chแบฅt lฦฐแปฃng แปn trong tแบงm giรก"
171,27100339,176251118,5,"mua lแบกi lแบงn 2, รกo ฤแบนp dรนng tแปt."
172,27100312,176251118,5,"รo ฤแบนp,  vแบฃi mรกt, mแบทc dแป chแปu"
173,12112065,176251118,5,"mแบทc dแป chแปu, phรน hแปฃp vแปi giรก tiแปn"
174,23481670,176251118,5,"nhรขn viรชn dแป thฦฐฦกng, ฤแป tแปt"
175,27002170,176251118,5,"Good ! chแบฅt รกo ฤแบนp , mรกt co giรฃn tแปt."
176,5236184,176251118,5,"ฤแบนp, phรน hแปฃp giรก tiแปn"
177,12035721,176251118,5,ฤแบนp chแปng tรดi rแบฅt thรญch
178,27009968,176251118,5,"รo rแบฅt ฤแบนp, mแบทc mรกt thoแบฃi mรกi."
179,27143068,176251118,5,"Vแบฃi mแปm mรกt, co giรฃn tแปt."
180,27042333,176251118,5,"Giao nhanh , sp tแปt  Good!"
181,20759316,176251118,5,giao hรng nhanh
182,27577777,176251118,5,Godd
183,8611493,176251118,5,vรฃi tแปt
184,11650598,176251118,5,Sแบฃn phแบฉm tแปt
185,23481670,176251118,5,hรng tแปt
186,26065948,176251118,4,Hรi lรฒng nha shop !
187,19745402,176251118,5,Giao ฤรบng hรng
188,27577777,176251118,4,tot
189,25840618,176251118,5,rแบฅt  tแปt
190,26200419,176251118,5,"รo ฤแบนp, Good 5*."
191,26074686,176251118,5,Rแบฅt hรi lรฒng !
192,27009952,176251118,5,รo rแบฅt ฤแบนp
193,26183739,176250783,5,"Giao hรng 2h quรก nhanh luรดn แบก, sรกng ฤแบทt chiแปu cรณ liแปn, chแบฅt lฦฐแปฃng รกo khแปi bรn luรดn แบก, tแปซng mua quแบงn tแบฅt cแปงa shop , mua thรชm รกo. Mแบทc rแบฅt vแปซa , rแบฅt hรi lรฒng แบก, thแบฅy chแบฅt lฦฐแปฃng, ฤรณng gรณi dแปch vแปฅ tแปt hฦกn cรกc lแบงn trฦฐแปc รก . 5*, sแบฝ tiแบฟp tแปฅc แปงng hแป a."
194,26283484,176250783,5,"Mรu sแบฏc giแปng nhฦฐ แบฃnh, lแปฑa theo bแบฃng size cแปงa shop rแบฅt vแปซa, mแบทc ฤแบนp. sแป chแบฅt vแบฃi mแปm mแปn mแบทc mรกt. Giแบทt ฤฦฐแปฃc 2 lแบงn , รกo khรดng bแป phai mรu, cลฉng khรดng bแป nhฤn. giรก tiแปn vร chแบฅt lฦฐแปฃng dแปch vแปฅ tฦฐฦกng xแปฉng.  5* แปงng hแป nรชn mua nhรฉ"
195,26173589,176250783,5,"ฤรณng gรณi ฤแบนp,  2 รกo ฤแปฑng trong 2 hแปp, thรดng tin rแบฅt rรต rรng. Hรng thฦฐฦกng hiแปu, giรก bรฌnh แปn. Chat cho shop nhแป tฦฐ vแบฅn vร ฤฦฐแปฃc phแบฃn hแปi rแบฅt nhanh, thรขn thiแปn, chแบฅt lฦฐแปฃng ฤแบฟn dแปch vแปฅ mรฌnh ฤแปu rแบฅt hรi lรฒng, vote 5 * cho Shopp"
196,26119705,176250783,5,"Rแบฅt hรi lรฒng , mua cแปงa shop 5 ฤฦกn rแปi, trฦฐแปc ฤรฃ dรนng tแบฅt, quแบงn lรณt quแบงn ฤรนi. giแป mua thรชm รกo thun luรดn แบก. Hรng ฤแบนp, ฤรณng gรณi tแปt. Giao hรng nhanh sแป 1 luรดn แบก, em toรn chแปn tikinow 2h nรชn cแบงn lร cรณ ngay, 5/5 * luรดn,."
197,11662277,176250783,5,Sแบฃn phแบฉm rแบฅt OK ๐๐๐๐๐
198,26252391,176250783,5,"Chแบฅt รกo ฤแบนp, thun cotton 95% mแปm mแปn, sแป mรกt. co giรฃn khรก tแปt. mแบทc mรนa hรจ mรกt. Shop ฤรณng gรณi ฤแบนp, Tiki giao hรng thรฌ siรชu nhanh rแปi."
199,22206990,176250783,5,Okie
200,11662277,176250783,5,Hรng rแบฅt ฤแบนp
201,26074633,176250783,5,"Vแปซa nhแบญn hรng แบก, hแปp bรชn ngoรi hฦกi รณp do vแบญn chuyแปn, cรฒn sแบฃn phแบฉm bรชn trong cรฒn cรณ hแปp cแปงa shop, bแปc cแบฉn thแบญn. rแบฅt hรi lรฒng, chแบฅt lฦฐแปฃng chแบฏc ฤแป รดng xรฃ mแบทc xem thแบฟ nรo, sp tแปt em sแบฝ แปงng hแป tiแบฟp แบก."
202,9129091,176250783,5,Rแบฅt ฦฐng รฝ. Chรบc shop luรดn nhiแปu ฤฦกn!
203,12745092,176250783,4,"cลฉng dc, nam 65kg size L hฦกi chแบญt nha, giแบทt mรกy xong thแบฅy hฦกi nhฤn, cแป hฦกi giรฃn 1 tรญ, mua mแบทc cลฉng ฤฦฐแปฃc nhฦฐng ฤแปซng kรฌ vแปng quรก"
204,27060399,176250783,5,"Mแบทc 1 tuแบงn rแปi, ฤรกnh giรก chแบฅt lฦฐแปฃng แปn, mแบทc thoแบฃi mรกi, vแบฃi mรกt, co giรฃn tแปt. giแบทt khรดng bแป ra mรu, khรดng bแป nhฤn sau vรi lแบงn dรนng. Sแบฝ mua lแบกi, hรi lรฒng !!"
205,11175384,176250783,5,Tแปt
206,9129091,176250783,5,Rแบฅt ฦฐng รฝ. Chรบc shop luรดn nhiแปu ฤฦกn!
207,9129091,176250783,5,Rแบฅt ฦฐng รฝ. Chรบc shop luรดn nhiแปu ฤฦกn!
208,16378845,176250783,4,"Mรฌnh ฤแบทt mรu trแบฏng vแปi mรu ฤen,Shop giao 2 mรu trแบฏng."
209,27001924,176250783,5,"Thun cotton mแปm mแปn, sแป mรกt. รo ฤem giแบทt lแบงn ฤแบงu khรดng bแป ra mรu, Form rแปng, chแปng mรฌnh 68kg mแบทc L rแปng rรฃi thoแบฃi mรกi. รo ฤแบนp thแบฅy mแบทc suแปt ร :))"
210,12760342,176250783,4,Sแบฃn phแบฉm tinh tแบฟ trong tแบงm giรก
211,27356486,176250783,5,Chแบฅt liแปu vแบฃi ฤแบนp รกo ฤแบนp
212,6761041,176250783,4,Chแบฅt liแปu cลฉng แปn nhฦฐng lรบc giแบทt cรณ ra nhiแปu tฦก nhแป mรu ฤen
213,27149789,176250783,5,"mua cho bแป แบก, รกo rแบฅt ฤแบนp bแป em rแบฅt thรญch. cแบฃm ฦกn shop, mรณn quร tuyแปt vแปi dรnh tแบทng bแป dแปp sinh nhแบญt. sแบฝ tiแบฟp tแปฅc แปงng hแป shop แบก"
214,26999076,176250783,4,Mรฌnh 58kg (mua size L) nhฦฐng mแบทc vรo vแบซn thแบฅy hฦกi bรณ. lรบc ฤแบงu cแปฉ nghฤฉ lร hรng slim fit. xem ฤi xem lแบกi thรฌ khรดng phแบฃi. ฤแป nghแป shop xem lแบกi size.
215,1019007,176250783,5,"Chแบฅt liแปu vแบฃi tแปt, รกo ฤแบนp, thแบฅm hรบt tแปt."
216,27149769,176250783,5,"sแบฃn phแบฉm chแบฅt lฦฐแปฃng, mรฌnh toรn mua ฤแป cho ong xรฃ แป ฤรขy. rแบฅt hรi lรฒng vแป chแบฅt lฦฐแปฃng cลฉng nhฦฐ bao bรฌ ฤรณng gรณi ฤแบนp, cแบฉn thแบญn"
217,26287855,176250783,5,"ฤรณng gรณi ฤแบนp, mua tแบทng quร sinh nhแบญt แบก, Bแบกn mรฌnh mแบทc rแบฅt vแปซa รกo cแปงa shop. Shop giao hรng nhanh nhแบญn ฤรบng dแปp SNhat. 5* tuyแปt vแปi luรดn แบก"
218,10160759,176250783,5,Xin. Luรดn
219,27146689,176250783,5,"Rแบฅt hรi lรฒng, chแบฅt lฦฐแปฃng tแปt trong tแบงm giรก, cรณ now2h ฤแบทt hรng cรณ ngay, lแบกi cรฒn ฤฦฐแปฃc hแป trแปฃ phรญ vแบญn chuyแปn 5*"
220,27146804,176250783,5,"mua lแบงn 2, chแบฅt lฦฐแปฃng vแบซn ฤฦฐแปฃc ฤฦฐแปฃc ฤแบฃm bแบฃo nhฦฐ trฦฐแปc, รกo co giรฃn tแปt, vแบฃi mรกt, thแบฅm hรบt mแป hรดi tแปt."
221,10928682,176250783,5,Thแบฅy tแปt
222,10928682,176250783,5,Thแบฅy แปn
223,26173643,176250783,5,"Rแบฅt chแบฅt lฦฐแปฃng, sแบฃn phแบฉm chแบฅt lฦฐแปฃng tฦฐฦกng ฤฦฐฦกng mรฌnh chแปn cho รดng xรฃ ngoรi tiแปm khรดng cรณ giรก tแปt vแบญy แบก. !"
224,7712731,176250783,5,"รo rแบฅt ฤแบนp vร chuแบฉn Form, thun mแปm"
225,22535611,176250783,5,"Vแบฃi ฤแบนp , chแบฅt liแปu co giรฃn tแปt"
226,490666,176250783,5,ฤแบนp. Vแบฃi tแปt
227,16908852,176250783,5,"Chแบฅt ฤแบนp, mแบทc mรกt rแบฅt oke"
228,27146669,176250783,5,"รกo form mแบทc rแปng thoแบฃi mรกi, hฦกi รญt mรu ฤแป chแปn, mong shop cรณ thรชm cรกc mรu khรกc ฤแป thay ฤแปi."
229,26183798,176250783,5,"รo rแบฅt vแปซa, ฤแบนp. mแบทc rแบฅt thoแบฃi mรกi. mua 5 6 ฤฦกn cแปงa shop nรy rแปi, sแบฃn phแบฉm nรo cลฉng rแบฅt hรi lรฒng"
230,7712731,176250783,5,vแบฃi ฤแบนp vร form chuแบฉn
231,28265564,176250783,4,Kiแปu dรกng ฤแบนp
232,27081140,176250783,5,"hรi lรฒng, mรฌnh rแบฅt thรญch dรนng ฤแป cแปงa hรฃng MRM nรy. chแบฅt lฦฐแปฃng dแปch vแปฅ ฤแปu rแบฅt hรi lรฒng"
233,27146847,176250783,5,"รกo thun ฤแบนp, hแปp ฤรณng gรณi rแบฅt cแบฉn thแบญn, nhแบญn hรng rแบฅt hรi lรฒng, sแบฝ tiแบฟp tแปฅc แปงng hแป"
234,7931346,176250783,5,"Mรฌnh ฤรฃ mua แป ฤรขy nhiแปu rแปi, chแบฅt lฦฐแปฃng khแปi bรn cรฃi nhรฉ mแปi ngฦฐแปi, yรชn tรขm mua thรดi!!"
235,27143043,176250783,5,"Shop chแบฅt lฦฐแปฃng, giao nhanh, ฤรบng size mแบซu mรฃ. รกo ฤแบนp, 57kg mแบทc size M rแบฅt vแปซa, cแบฃm ฦกn"
236,27042492,176250783,5,"รo ฤแบนp, chuแบฉn. Mih 75kg mแบทc XL vแปซa thoแบฃi mรกi, 3 mรu chแปฉ nhiแปu mรu nแปฏa lร cลฉng mua thรชm."
237,9799110,176250783,5,"Bฦก phแปch\nGiรก ฤแบนp, vแบฃi cotton mรกt mแบป\nGiao quรก nhanh."
238,27091655,176250783,5,"ฤแบนp, chแบฅt lฦฐแปฃng - dแปch vแปฅ 5*. hรng viแปt nam nรชn mua , giรก mแปm, giao tiki2h siรชu nhanh."
239,27026578,176250783,5,"รo thun ฤแบนp , mแบทc khรดng bแป nรณng. ฤฦฐแปng chแป may tแปt รญt chแป thแปซa, sp cao cแบฅp ฤรกng tiแปn"
240,26288362,176250783,5,"Hรi lรฒng, Form size rแบฅt vแปซa mรฌnh 75kg mแบทc XL khรก vแปซa thoแบฃi mรกi. รo chแบฅt thun mแปm, mแบทc mรกt"
241,27368815,176250783,5,"รกo ฤแบนp, chแบฅt vแบฃi cotton mแปm mแปn, co dรฃn tแปt"
242,27149696,176250783,5,"รo rแบฅt ฤแบนp, ฤรบng nhฦฐ mรฌnh kรฌ vแปng, sแบฝ tiแบฟp tแปฅc แปงng hแป Brand viแปt"
243,13963972,176250783,5,รo ฤแบนp nhรฉ . Mฦกi mแป ra thแบฅy hแปp lร ฤแบนp r รก . 5 sao luรดn
244,27091775,176250783,5,"Giao nhanh, ฤแบทt sรกng, chiแปu nhแบญn ฤฦฐแปฃc luรดn. mแบทc tแปt sแบฝ mua thรชm"
245,1728681,176250783,5,"Sแบฃn phแบฉm chแบฅt lฦฐแปฃng, chแบฅt vแบฃi mแบทc thoแบฃi mรกi, mรu vแบฃi khรก tรดn da."
246,27081109,176250783,5,"Uy tรญn, chแบฅt lฦฐแปฃng. mแบซu mรฃ rแบฅt ฤแบนp. toรn dรนng ฤแป cแปงa shop"
247,26119751,176250783,5,"Tikinow 2h siรชu nhanh, ny em mแบทc rแบฅt ฤแบนp shop แบก. ฤรณng gรณi cแบฉn thแบญn"
248,27026604,176250783,5,"Hรi lรฒng - dแปch vแปฅ giao hรng ฤรณng gรณi, chแบฅt lฦฐแปฃng sp ฤแปu tแปt"
249,27042461,176250783,5,Hรi lรฒng . mua lแบงn 2 rแปi. รo dรนng 1 thแปi gian vแบซn cรฒn tแปt 5*
250,27100312,176250783,5,"รo ฤแบนp,  vแบฃi mรกt, mแบทc dแป chแปu. chแบฅt lฦฐแปฃng tแปt 9/10."
251,8158908,176250783,5,"รกo ฤแบนp, giao hรng nhanh"
252,10832235,176250783,5,"ฤแบนp lแบฏm, sแบฝ mua thรชm 50 cรกi nแปฏa"
253,27019691,176250783,5,"Chแบฅt ฤแบนp, giao tiki 2h siรชu nhanh, cแปฑc kรฌ hรi lรฒng nha."
254,27060423,176250783,5,"รกo rแบฅt ฤแบนp, vแบฃi mแปn, may chแบฏc chแบฏn. hรi lรฒng"
255,27816963,176250783,4,chแบฅt liแปu tแปt!
256,27042299,176250783,5,"ฤแบนp, rแปng thoแบฃi mรกi. Shop tฦฐ vแบฅn tแปt tks !"
257,27368832,176250783,5,hรi lรฒng
258,27009952,176250783,5,"รo chแบฅt lฦฐแปฃng tฦฐฦกng xแปฉng giรก tiแปn, good!"
259,27019708,176250783,5,ฤแบนp
260,26283526,176250783,5,"Hรng viแปt nam, chแบฅt lฦฐแปฃng แปn trong tแบงm giรก"
261,27100339,176250783,5,"mua lแบกi lแบงn 2, รกo ฤแบนp dรนng tแปt."
262,27002170,176250783,5,"Good ! chแบฅt รกo ฤแบนp , mรกt co giรฃn tแปt."
263,27009968,176250783,5,"รo rแบฅt ฤแบนp, mแบทc mรกt thoแบฃi mรกi."
264,27143068,176250783,5,"Vแบฃi mแปm mรกt, co giรฃn tแปt."
265,21550049,176250783,1,ฤฦฐa sai size chรกn cho 1sao
266,27042333,176250783,5,"Giao nhanh , sp tแปt  Good!"
267,12745092,176250783,4,hฦกi chแบญt
268,26065948,176250783,4,Hรi lรฒng nha shop !
269,26200419,176250783,5,"รo ฤแบนp, Good 5*."
270,12035721,176250783,5,ฤแบนp
271,26074686,176250783,5,Rแบฅt hรi lรฒng
272,840426,13670345,5,"Hรng tแปt. Mแปt chรบt quแบฃng cรกo. 1998decor.com Chuyรชn nhแบญn decor nhร, quรกn xรก, shop, tiแปc cฦฐแปi, sแปฑ kiแปn. 1998decor.com Vintage Style"
273,18381608,13670345,4,Giao hรng nhanh chuรดng.
274,6920480,13670345,1,giao hรng giแปng nhฦฐ cรกi nรนi dแบป vแบญy mร cแปงng ฤฤng bรกn ฤฦฐแปฃc trแปi
275,840426,13670345,1,mรฌnh mua 5 cรกi shop giao cรณ 4 cรกi. ฤn mแบฅt 1 cรกi cuแบฃ mรฌnh 21k rแปi. chรกn.
276,17158964,13670345,2,Sแบฃn phแบฉm quรก kรฉm chแบฅt lฦฐแปฃng
277,15784357,13670345,3,รo mรu chรกo ko phแบฃi mรu trแบฏng ๐
278,17823460,13670345,5,Hรng shop ฤแบนp tฦฐ vแบฅn nhiแปt tรฌnh vร giao hรng nhanh lแบฏm nha mแปi ngฦฐแปi.
279,13173699,13670345,5,"Giao hรng nhanh chรณng, sแบฃn phแบฉm giแปng y nhฦฐ hรฌnh, sแบฝ แปงng hแป lแบงn sau"
280,12437175,13670345,1,Hรng khรดng ฤรบng nhฦฐ mรด tแบฃ
281,27728408,13670345,3,Chแบฅt lฦฐแปฃng thแบฅp theo ฤรบng tแบงm giรก
282,14145073,13670345,5,รo rแบป ฤแบนp hรng tแปt shop ฤรณng gรณi kแปน
283,27728408,13670345,3,Chแบฅt lฦฐแปฃng ฤรบng vแปi tแบงm giรก
284,28462243,13670345,5,"Chแบฅt vแบฃi mแปm, mแบทc thoแบฃi mรกi"
285,18220952,13670345,5,"รo ฤแบนp quรก shop ฦกi, ฦฐng cรกi bแปฅng lแบฏm. Em sแบฝ tiแบฟp tแปฅc แปงng hแป shop iu nhiแปu."
286,11536075,13670345,4,แปn trong tแบงm giรก.
287,21026317,13670345,3,nhรขn viรชn giao hรng hรnh xแปญ ko tแปt ฤรณng gรณi ko kฤฉ
288,17472712,13670345,4,ฤแบทt sile xl giao sile l  giรกo hk ฤรบng sile nhฦฐng vแบซn vแปซa nha cho 4 sao vรฌ hk ฤรบng sile
289,27662066,13670345,3,รo khรดng ฤฦฐแปฃc trแบฏng!! Lแบงn sau nรณi thแบญt!!!!
290,13658786,13670345,5,"Giao hรng nhanh, hรng chแบฅt lฦฐแปฃng."
291,26570554,13670345,5,ฤแบนp
292,27186759,13670345,2,รo lรดng khรดng chแบฅt vแบฃi len khรกc xa hรฌnh!
293,26570554,13670345,5,ฤแบนp
294,24674143,13670345,5,"vแปซa form, mแบทc cรนng sฦก mi khoรกc ngoรi OK ."
295,27748626,13670345,1,qua te....lรm giแบป lau xe luon
296,6741645,13670345,1,Thung tแป ฤแปซng nรชn mua !!!
297,5716064,13670345,1,"ฤแบทt XL, giao XS, ko biรชt sao mแบทc luรดn"
298,18220212,13670345,5,"ฤฦฐแปng may ฤแบนp, khรดng cรณ chแป thแปซa giao hรng nhanh"
299,19687532,13670345,1,"รo ko giแปng vs mรด tแบฃ, khรดng nรชn mua"
300,22806628,13670345,1,Rแบฅt tแป ko ฤรบg hรฌnh แบฃnh qc
301,16240517,13670345,1,"hรng khรดng giแปng mแบซu, รกo thun ngแบฏn tay, nhฦฐng tay dรi hฦกn qua cรนi chแป"
302,14763748,13670345,1,"ฤแบทt shop 2000( shop ngta bรกn hรng chแบฅt lฦฐแปฃng uy tรญn)mร ฤแบทt size L thรฌ qua bรชn shop nรy lรm ฤn chรกn thแบฟ\nVรฃi thรฌ ฤแป lรดng , ฤแบทt size L giao cรกi ao to nhฦฐ XL , cho ba t mแบทc luรดn chแปญ t mแบทc lรm gรฌ vแปซa."
303,25348874,13670345,1,Sแบฃn phแบฉm mua lแบงn 2 ko ฤแบนp nhฦฐ lแบงn 1
304,14418703,13670345,1,"rแบฅt khรดng hรi lรฒng , รกo xแบฅu , vแบฃi xแบฅu"
305,24976911,13670345,2,sao lแบกi lร thung nแป ko phแบฃi thung co ton
306,18688711,13670345,1,"Vแบฃi รกo kรฉm chแบฅt lฦฐแปฃng, cแป hฦกi cong"
307,16922694,13670345,5,1
308,27080763,13670345,1,Hรng ฤรฃ bแป rรกch vร รกo bแบฉn
309,7849587,13670345,2,"Dรนng ฤฦฐแปฃc, vแบฃi cลฉng dรy, mรu trแบฏng nhฦฐ hรฌnh."
310,624209,13670345,3,vแบฃi khรดng phแบฃi cotton nรชn mแบทc nรณng.
311,10595015,13670345,5,sp rแบฅt ok. giao hรng nhanh
312,5946782,13670345,1,k giแปng nhฦฐ hรฌnh. vแบฃi khรกc
313,19012388,13670345,2,"OK tแบกm xรi ฤฦฐแปฃc , khรดng ฤรบng size, hฦกi nhแป"
314,14778394,13670345,1,รo xแบฅu khรดng giแปng แบฃnh khแปng ฤรบng size quรก thแบฅt vแปng
315,23084554,13670345,5,rแบฅt tแปt hรi lรฒng@
316,23066725,13670345,5,"Tแปt ฦฐng รฝ vแปi tแบงm giรก, ฤรบng nhฦฐ trรชn hรฌnh แบฃnh.. Cรกm ฦกn shop"
317,10954359,13670345,5,"รo mแปng nhฦฐ vแบฃi mรn, mแบทc rแบฅt mรกt. Tiแปn nรo cแปงa แบฅy"
318,83709,13670345,4,hรi lรฒng
319,25348874,13670345,4,Lแบงn hai mua ko dแบนp nhฦฐ lแบงn 1
320,20478940,13670345,2,khรดng ฤรบng zix rแปi chรกn quรก
321,7875340,13670345,5,รo cแปฑc ฤแบนp luรดn nha shop
322,1428415,13670345,5,mแปn vร ฤแบนp - giรก cแปฑc rแบป luรดn. cแบฃm ฦกn shop. cแบฃm ฦกn tiki
323,14437511,13670345,5,รo tแปt. Sแบฃn phแบฉm chแบฅt lฦฐแปฃng
324,14191680,13670345,3,ฤc vรฌ sbsjakaabakbsbaosvbzpasb
325,17646127,13670345,4,แปn vแปi tแบงm giรก
326,24066609,13670345,5,Tot
327,25740220,13670345,5,ok
328,22565029,13670345,5,รกo ฤแบนp nhฦฐ hรฌnh
329,19170958,13670345,5,k
330,22279299,13670345,1,"nhแป xรญu ko mแบทc vแปซa size cho ngฦฐแปi thแบฅp, kแปณ quรก"
331,26251924,13670345,5,k qua dep
332,25932082,13670345,5,hรng tแปt
333,17875554,13670345,1,2 cai khac nhau la sao vay shop
334,24946784,13670345,4,Form hฦกi nhแป
335,16938194,13670345,3,Chแบฅt lฦฐแปฃng ฤi ฤรดi vแปi giรก thรnh
336,13369460,13670345,5,thun mแบทc nรณng quรก
337,13369460,13670345,4,thun mแบทc nรณng quรก
338,22026748,13670345,5,tแปt :))
339,24730341,13670345,5,รกo r ฤแบนp
340,23658819,13670345,5,tot
341,17150576,13670345,1,LแปชA ฤแบขO SHOP NรY SแปM MUแปN CลจNG QUแบข BรO \nTแบคT Cแบข TRANH XA SHOP NรY ฤI\nVแบขI ฤแปU -ฤแบถT XXL GแปฌI SIZE S
342,22001624,13670345,4,khรก tแปt
343,19875152,13670345,5,OK
344,20849020,13670345,5,chแบฅt liแปu tแปt
345,20456823,13670345,3,sp แปn khรดng vแบฅn ฤแป gรฌiiii
346,7234078,13670345,1,"ฤฦกn vแป bรกn hรng Trแบงn Doanh giao hรng kรฉm chแบฅt lฦฐแปฃng, khรดng hiแปu sao tiki lแบกi duyแปt cho hแป. Chแบฅt lฦฐแปฃng dแปch vแปฅ xuแปng cแบฅp rแปi. :((("
347,12118525,13670345,3,รกo thรฌ chแบฅt lฦฐแปฃng mร mรฌnh ฤแบทt size xxl mร giao size S
348,18012801,13670345,5,ok
349,12779365,22492292,3,Tแบกm ฤc.nhฦฐng k ฤรฒi hแปi แป mแปฉc giรก thแบฟ nรy
350,970828,22492292,5,"Shop gรณi hรng cแบฉn thแบญn.Chแบฅt lฦฐแปฃng hรng tแปt, ฤรกng giรก ฤแปng tiแปn, giao hรng nhanh, nรชn mua hรng แป ฤรขy."
351,970828,22492292,5,"Vแป dแปch vแปฅ Tiki giao hรng nhanh ฤรณng gรณi cแบฉn thแบญn ,  phแปฅc vแปฅ rแบฅt tแปt. Mong Tiki tiแบฟp tแปฅc phรกt huy"
352,15645413,19814067,5,Tแปt ฤรบng nhฦฐ mong ฤแปฃi
353,21114990,19814067,1,รกo quรก nhแป ฤแบญt L mร nhแป quรก
354,21585407,19814067,5,dao hรng hฦกi chแบญn
355,21398622,19814067,3,รo chแบทt quรก ko thแป mแบทc aa
356,17526728,19814067,5,hรng vแบฃi tแปt ฤรกng giรก 4 sao
357,15040272,19814067,5,chแบญt lฦฐแปฃng
358,12682265,19814067,1,Xxl mร giao size xl buแปn thiแปt chแปฉ
359,8685922,19814067,5,chแบฅt liแปu ok
360,20811434,19814067,1,quรก mแปng. thun giแบฃn quรก ฤi
361,14949657,19814067,5,"Rแบป,Mแบทc tแบกm"
362,16975002,19814067,1,giao hรng khong ฤรบng ??
363,12724143,19814067,1,size XL nhฦฐng mแบทc chแบญt hฦกn so vแปi kรญch cแปก thแบญt
364,17027291,19814067,5,ฤแบนp
365,13556951,19814067,2,tแบกm ฤc ko รขn รฝ lแบฏm....\n\n.......
366,16869848,19814067,2,giao khรดng ฤรบng mแบซu trรชn hรฌnh
367,12698291,19814067,2,รกo cแปฉ nhฦฐ ฤรฃ qua sแปญ dแปฅng vแบญy mรฌnh vแบซn cรฒn ngแปญi thแบฅy mรนi mแป hรดi
368,2030691,19814067,1,"Mรฌnh ฤแบทt รกo size L mร nรณ bรฉ xรญu nhฦฐ size M hay S gรฌ ฤรณ mแบทc khรดng vแปซa, thiแปt lร thแบฅt vแปng"
369,20811932,19814067,5,hรng ok lแบฏm แบก
370,19833273,19814067,1,ao dรi quรก ngแบฅn chรบc lร ฤแบนp
371,21510619,19814067,4,H Long
372,6090487,19814067,5,"รกo rแบฅt tแปt trong tแบงm giรก, vแบฃi sแป khรก lแบก tay nhฦฐng rแบฅt thรญch hแปฃp mแบทc vรo mรนa xuรขn vร thu"
373,10266262,19814067,3,"size XL mร nhแป quรก. Mรฌnh cao 1m7, nแบทng khoแบฃng 60kg mแบทc size XL trรดng rแบฅt nhแป :(("
374,15965681,19814067,1,ฤแบทt รo thun nam size L mร giao nhแป xรญu mแบทt ko vแปซa
375,5903960,19814067,5,"vแบฃi ฤแบนp, y nhฦฐ hรฌnh ********************************"
376,18293244,19814067,5,รกo ฤแบนp
377,7247881,19814067,1,Khรดng mong ฤแปฃi gรฌ thรชm vแปi sแบฃn phแบฉm tแบงm 50k :(((((
378,83431,19814067,4,ฤแบนp vแบฃi dรy ok
379,13826882,19814067,2,Hฦกi Rแปng mรu Sแบฏc ฤแบนp ????
380,11659004,19814067,4,tแปt
381,13430814,19814067,5,cho mรฌnh hแปi bรขy h size รกo ko vแปซa vs mรฌnh thรฌ cรณ ฤแปi lแบกi ฤc ko แบก
382,18220530,14702607,5,"Hรng ฤแบนp nhฦฐ แบฃnh luรดn nha,mแปi nhแบญn"
383,13152139,14702607,5,รo ฤแบนp vแบฃi cลฉng ฤแบนp   Sแบฝ แปงng hแป tiแบฟp   Cแบฃm ฦกn Shop nhiแปu lแบฏm โญ๏ธโญ๏ธโญ๏ธโญ๏ธโญ๏ธ
384,18220338,14702607,5,"Giao hรng khรก nhanh. รo y hรฌnh, chแบฅt khรดng quรก mแปng. Phรน hแปฃp giรก tiแปn"
385,18220530,14702607,5,"รo ฤแบนp, mรฌnh rแบฅt thรญch. Hรi lรฒng lแบฏm, sแบฝ tiแบฟp tแปฅc แปงng hแป Tiki."
386,17853145,14702607,5,Chแบฅt lฦฐแปฃng sแบฃn phแบฉm khiแบฟn mรฌnh cแปฑc kรฌ hรi lรฒng. ฤแบนp lแบฏm.
387,18220212,14702607,5,รo ฤแบนp lแบฏm nha. แปฆng hแป Tiki. Hรng Tiki lรบc nรo cลฉng ฤแบนp.
388,17823537,14702607,5,"ฤรฃ nhแบญn hรng, cแปฑc kแปณ hรi lรฒng! Chแบฅt vแบฃi Ok, form ฤแบนp."
389,16378406,14702607,5,hรng vแป quรก sแปm hรng tแปt!
390,17823460,14702607,5,ฤแบนp lแบฏm.
391,7027064,274718589,4,รo mแบทc rแบฅt mรกt.nhฦฐng phom รกo cรณ vแบป hฦกi ngแบฏn vแปi mรฌnh.
392,11995983,14847948,5,Review ฤฦฐแปng kim mลฉi chแป cho mแปi ngฦฐแปi xem. May rแบฅt chuแบฉn ฤแบนp nhฦฐ hรng Nhแบญt. Nhรฃn sฦฐแปn tiแบฟng Nhแบญt.
393,12179147,14847948,5,"form รกo suรดng rแปng rรฃi nรชn lร thoแบฃi mรกi, mแบซu nรy mรฌnh thแบฅy ai thรญch mแบทc รดm body tรญ thรฌ cลฉng ok lแบฏm, mรฌnh mua cho chแปng thแบฅy chแปng thรญch mรฌnh cลฉng vui, chแบฅt cotton sแป thรญch tay gรฌ ฤรขu, chแป hฦกi dฦฐ chรบt xรญu"
394,11995686,14847948,5,"mรฌnh cรณ thแปญ thรฌ vแบฃi 100% cotton khรดng bแป pha sแปฃi poly nhฦฐ shop cam kแบฟt thแบญt tin tฦฐแปng ฤแป mua, hรng ฤแบนp mua lรm quร tแบทng ฤฦฐแปฃc nรจ, bao bรฌ ฤแบนp, cรณ cแบฃ thฦฐ cแบฃm ฦกn ฤรng hoรng, chแปu cho shop 5 sao"
395,11995883,14847948,5,"ฤรฃ mua vร giแปi thiแปu cho bแบกn mua sp bรชn shop, รกo mแบทc khรดng biแบฟt nรณi sao chแปฉ ai cลฉng khen, shop nhiแปt tรฌnh."
396,12179820,14847948,5,"sฤn sale giรก rแบป mร lแบกi ฤฦฐแปฃc รกo xแปn nแปฏa, form mแบทc rแบฅt ฤแบนp, sแบฝ แปงng hแป thรชm nhแปฏng mรu khรกc nแปฏa"
397,12179820,14847948,5,"Viแปt Nam rแบฅt รญt shop bรกn ฤรบng 100% cotton, nรชn mua cแปงa shop hรng chแบฅt lฦฐแปฃng lร tรดi mua hoรi"
398,12179820,14847948,5,"mua cลฉng mแบฅy lแบงn rแปi, รกo cแปงa shop mแบทc mรกt ghรช khรดng bแป ฤแป lรดng khi giแบทt cลฉng khรดng thแบฅy ra mรu, chแบฅt vแบฃi mแปm, ฤฦฐแปng may kแปน cรng, ฦฐng lแบฏm"
399,11995613,14847948,5,"mแปi ฤแบงu mua thแปญ vรฌ thแบฅy giรก ฦฐu ฤรฃi, hรng chแบฅt lฦฐแปฃng, rแบฅt thรญch"
400,11995948,14847948,5,"รo mแบทc mรกt, thแบฅm hรบt mแป hรดi tแปt, tem รกo bรชn trong ฤแปu chแปฏ Nhแบญt, mรu ฤแป ฤรด bรชn hฦกi ฤแบญm chรบt, bao bรฌ ฤรณng gรณi cแบฉn thแบญn"
401,15010357,14847948,5,"Vแบฃi mแบทc mรกt, size ฤรบng mแบทc thoแบฃi mรกi. ฤรฃ ฤแบทt hรng mua thรชm shop Nรy"
402,11995686,14847948,5,"ฤรฃ mua รกo cแปงa shop nhiแปu lแบงn rแปi, thรดng sแป แปn, bแปฏa mแปi mua combo nแปฏa ฤรณ"
403,11995948,14847948,5,"thรญch bแบกn tฦฐ vแบฅn bรชn shop, tฦฐ vแบฅn vui vแบป nรชn mua luรดn 3 cรกi"
404,16566913,14847948,5,"chแบฅt vแบฃi ok,sai รกo rแปng hฦกn so vแปi hรฃng khรกc mua ฤแป รฝ phแบงn giแปi thiแปu ฤแป chแปn sai รกo cho chuแบฉn ko mแบฅt cรดng giแบฃ lแบกi"
405,12179575,14847948,5,"mรu trแบฏng cแปงa shop khรก ฤแบนp. Vแบฃi mแบทc rแบฅt mรกt, khรดng bแป xรน lรดng, sแบฃn phแบฉm thรฌ OK, rแบฅt hรi lรฒng. Nhฦฐng giao chแบญm quรก."
406,21700337,14847948,5,sแบฃn phแบฃm tแปt
407,9151143,14847948,5,รo ฤแบนp
408,11996028,14847948,5,"Hรng 100% cotton nรชn mแบทc thแบฅm hรบt mแป hรดi, vแบฃi dรy dแบทn khรดng bแป giรฃn . ฤรณng gรณi bao bรฌ cลฉng cแบฉn thแบญn. Ok shop 5*."
409,11995613,14847948,5,"Thรญch รกo nรy cแปฑc, hy vแปng shop ra thรชm nhiแปu mแบซu khรกc ฤแป mรฌnh แปงng hแป tiแบฟp nรจ"
410,12923088,14847948,4,Vแบฃi vร may tฦฐฦกng ฤแปi tแปt.
411,20282923,108568459,1,ฤแบทt mรu ฤen giao mรu xรกm.\r\nฤแบทt XXL giao XL sao mแบทc ????????????????????????????????????????????????????????? ??????????????????????????????????????????????????????????????????????????????????????????????????????????????????????????????????????????????????????????????????????????????????????????????????????????????????????????????????????????????????????????????????????????????????????????????????????
412,20629927,108568459,5,Vรฃi tแปt
413,18220530,108568459,5,"shop giao hรng nhanh .mรฌnh mแปi ฤแบทt รกo cแปงa shop hรดm qua mร hรดm nay ฤรฃ nhแบญn ฤฦฐแปฃc hรng rแปi , thรญch quรก . รo mแบทc rแบฅt mรกt fom rแปng thoแบฃi mรกi , chแบฅt vแบฃi mแปm mแปn ฤรบng nhฦฐ shop quแบฃng cรกo ."
414,18512353,108568459,4,trong แบฃnh lร vรng ฤแบญm nhฦฐng hรng thรฌ mรu vรng nhแบกt nhฦฐ cรขy kem sแบงu riรชng ๐ chแบฅt liแปu thรฌ tแปt nhฦฐng nhiแปu chแป thแปซa nha!!! tรณm lแบกi ฤฦฐแปฃc . trแปซ 1 sao tแปi mรu kem sแบงu riรชng
415,24433428,108568459,4,Xxl hay lร L แบก xxl nรy nhแป vแบญy mรฌnh cรณ thแป ฤแปi trแบฃ hรng ฤc k แบก
416,26081733,108568459,1,"shop giao sai sแบฃn phแบฉm , yรชu cแบงu ฤแปi hรnh , sแบฃn phแบฉm sai kรญch thฦฐแปc , mแบซu hรฌnh รกo"
417,16435494,108568459,3,รกo mแปng nhฦฐ giแบฅy nhรฃo ko mแบทc ฤฦฐแปฃc
418,10276770,108568459,2,"In lem luแปc,vแบฃi ฤแป long. Mong sau tแปt hฦกn"
419,28193073,108568459,1,Nhรฌn แบฃnh ฤแบนp thiแปt mร mua vแป nรณ mแปng mร cรฒn nhฤn nheo nแปฏa chแปฉ.
420,16128090,108568459,1,Mua vแป lรm giแบป lau chแปฉ lรm gรฌ mแบทc ฤc
421,29141138,108568459,5,....
422,12779365,108568459,4,"รกo dรญnh vแบฟt bแบฉn, vแบญy shop cลฉng gแปญi dc"
423,18220427,108568459,5,sแบฃn phแบฉm chแบฅt lฦฐแปฃng tแปt ฤรณng gรณi cแบฉn thแบญn ฤแบนp giao hรng nhanh. ฤแปnh cแปงa chรณpppppppppppppppppppppppp
424,18219404,108568459,4,"Lแบงn thแปฉ 2 mua hรng แป ฤรขy vร vแบซn ko thแบฅt vแปng. Mรu y hรฌnh, vแบฃi ฤแบนp mรกt, dรy dแบทn."
425,7052470,108568459,1,"รo big size gรฌ mร cรณ chรบt รฉc vแบญy trแปi , mร chฤn cรณ in trรชn รกo size gรฌ cแบฃ trแปi , dแปi gian"
426,17823460,108568459,5,"ฤแบนp แบก chแบฅt ฤแบนp loแบกi cotton khรดng quรก dรy, giao hรng nhanh, ฤรณng gรณi cแบฉn thแบญn"
427,9043170,108568459,3,"รกo ko giแปng nhฦฐ hรฌnh, nรณ bแป xรน lรดng quรก, nhรฌn nแบฃn lun, 3 sao khuyแบฟn khรญch"
428,18682520,108568459,3,vแบฃi k ฤรบng. nhiแปu lรดng. form ok.
429,18080909,108568459,5,"รo ฤแบนp, hรฌnh in ฤแบนp, vรฃi mแปng mแบทc mรกt , shipper thรขn thiแปn, giรก rแบป, giao khรก nhanh ,"
430,18682520,108568459,4,vแบฃi ok. ฤรบng mแบซu. giรก tแปt
431,24908806,108568459,1,Shop gแปญi hรng ko ฤรบng sai ฤแบทt 3 รกo 1sai mร gแปญi 2 รกo tแบกm ฤc cรฒn 1 รกo quรก to ko mแบทc ฤc bแป luรดn ๐ก
432,28674557,108568459,5,ฤแบนp nha shop
433,17823537,108568459,5,"รo xinh lแบฏm แบก, chแบฅt vแบฃi hฦกi mแปng, giao hรng nhanh ๐๐ป๐๐ป๐๐ป๐๐ป๐๐ป๐๐ป๐๐ป๐๐ป"
434,26915727,108568459,5,giรก vแบญy lร ok rแปi +gรญo hรng nhanh nแปฏa 5sao
435,17795557,108568459,3,Giao khรดng ฤรบng size รกo.......
436,18219404,108568459,5,"Sแบฃn phแบฉm rแบฅt xinh ฤแบนp tuyแปt vแปi, tรดi khรดng thแป trรดng ฤแปฃi gรฌ hฦกn."
437,26458828,108568459,5,rแบฅt tแปt
438,18220952,108568459,5,"ฤรฃ mua vแบฃi vรi lแบงn cแปงa shop. Vแบฃi ฤแบนp rแบฅt ฦฐng รฝ, giao hรng khรก nhanh"
439,17307092,108568459,2,รกo xxl mร nhแป quรก mรu cลฉng khรดng ฤแบนp cแบฃm giรกc phรญ tiแปn
440,18080909,108568459,5,รo ฤแบนp mรu vรng giao nhanh xxxxxxxxxxxxxxxxxxxxxxxxxxxxxxxxxx
441,16762734,108568459,1,tรดi chฦฐa nhแบญn ฤฦฐแปฃc hรng mร giao thรnh cรดng lร sau
442,10276770,108568459,3,Mแปฑc in lem khรดng ฤแบนp nhฦฐ hรฌnh mแบซu
443,26939082,108568459,1,"ae ko nรชn mua phรญ tiแปn, ko ฤรบng รกo ฤรขu"
444,26404489,108568459,1,รกo nhฦฐ cc ฤแบทt mรu ฤen ra mรu xanh cรฒn รกo mรu vรng vแบฃi nhฦฐ cแปฉc ko nรชn mua
445,17853145,108568459,5,รo ฦฐng รฝ quรก . Chแบฅt lฦฐแปฃng tแปt . Giแปng nhฦฐ hรฌnh.\nPhรน hแปฃp giรก tiแปn.\nGiao hรng nhanh.
446,12779365,108568459,1,vแบฃi nhรฌn vรด nhฦฐ cรกi nรนi giแบป
447,27437327,108568459,5,hรng tแปt
448,16317430,108568459,1,tรดi mua 2 cรกi.cรกi ฤen chแบฅt liแปu khรกc vแปi chiแบฟc mรu trแบฏng .tรดi rแบฅt thแบฅt vแปng
449,17550722,108568459,1,Cแป รกo sao vแบญy. Cแบฃm nhแบญn cแปงa ngฦฐแปi bรกn cรณ chแบฅp nhแบญn dc ko . Tu hiแปu
450,23855057,108568459,1,vรฃi xแบฅu \ngแปญi ko ฤรบng mรu \nchรช
451,16317430,108568459,1,sแบฃn phแบฉm ko tแปt lแบฏm. mua 2 chiแบฟc mร chแบฅt lฦฐแปฃng 2 chiแบฟc khรกc nhau.
452,15930864,108568459,1,lรm giแบป lao rแปi ๐ค.........
453,27838358,108568459,5,Tiแปt dแปi anh OK lแบฏm lun
454,26313161,108568459,1,รo cลฉ cรณ vแบฟt ฤen mแบทc qua nhฤn nรณi chung lร lรm ฤn nhฦฐ cแบทc
455,15131327,108568459,3,Chat vai hoi mong ๐๐๐๐๐๐๐
456,18219819,108568459,5,"ฤแบนp, hรi lรฒng 100%, thรชm ฤiแปm cแปng cho shop vรฌ giao hรng nhanh, ฤรณng gรณi ฤแบนp."
457,27564569,108568459,2,รกo hฦกi dรi ฤแบทc sai M mร hฦกi dรi
458,21453184,108568459,4,"vแบฃi ko ฤc ฤแบนp, tแบกm ฤc"
459,20725541,108568459,1,k giรดฬng mรขฬu aฬo maฬu ฤen haฬng giao maฬu xaฬm
460,18220530,108568459,5,"sแบฃn phแบฉm ฤแบนp, giรก rแบป, chuแบฉn khรดng cแบงn chแปnh, แปงng hแป shop nรy vร tiki."
461,18220530,108568459,5,"sแบฃn phแบฉm ฤแบนp, giรก rแบป, chuแบฉn khรดng cแบงn chแปnh, แปงng hแป shop nรy vร tiki."
462,26313161,108568459,1,รo cลฉ kh mua ฤc ฤc mแปi vรi lแบงn thรดi lรm ฤn nhฦฐ cแบทc
463,15930864,108568459,1,vแบฃi xแบฅu . mai ฤรนng chแป nhiแปu
464,26385097,108568459,1,รo ฤแปu vรฃi kkkkkkkkkkkoooo
465,18220212,108568459,5,"Sแบฃm phแบฉm tแปt, shop phแปฅc vแปฅ tแปt, ฤรณng gรณi sแบฃn phแบฉm chแบฏc chแบฏn,,,,"
466,18220952,108568459,5,Chแบฅt daฬy dฤฬฃn ฤรกng tiแปn nhaaa
467,19147234,108568459,1,แบขnh thรฌ khรกc ship tแปi nhรฌn nhฦฐ rแบป lau
468,17823537,108568459,5,"รo xinh cแปฑc xinh luรดn, vแป ฤรบng hรดm mรฌnh cแบงn. Mua ฤi mแปi ngฦฐแปi แบก."
469,25116857,108568459,1,k giแปng nhฦฐ hรฌnh thแบฅt vแปng quรก
470,11126735,108568459,5,nรชn mua loแบกi mรu trแบฏng cรฒn ฤen vแปi vรng hok ฤแบนp
471,7042294,108568459,5,รกo ฤฦฐแปฃc quรก
472,17853145,108568459,5,"OK, รกo ฤแบนp, rแบป. Canh ngay ฤแปฃt sale mua vแป bรกn lแบกi quรก Ok luรดn."
473,23911490,108568459,4,"รกo hฦกi ngแบฏn tรญ so vแปi bแป rแปng, mแบทc cลฉng ฤc nhฦฐng ko ฤแบนp lแบฏm"
474,10943253,108568459,4,"giแปng vแบฃi khฤn trong nhร tแบฏm, thแบฟ mแปi ฤau"
475,20149396,108568459,5,"Hรng Giao Nhanh,Nhฦฐ Mแบซu Nhฦฐng Vรฃi Giแบทt 1,2 Lแบงn Lร Giแบฃng"
476,26781746,108568459,1,sao mรu รกo ko giรณng trong hรฌnh
477,14947678,108568459,3,"vs giรก tiแปn thรฌ gแปi lร tแบกm, cลฉng ko mong ฤแปฃi j lแบฏm"
478,21659793,108568459,2,khรดng ฤรบng nhฦฐ qc\nvรฃi. xแบฅu .ฤฦฐแปng may แบฉu
479,791878,108568459,1,giao hรng ko giแปng mแบซu sai mรu shop khรดng uy tรญnh
480,17550115,108568459,1,k giแปng hรฌnh j hรชta trฦกn รก
481,15630745,108568459,1,hรฌnh thรฌ thแบฅy ok cรฒn giao hรng thรฌ khรกc hoรn toรn
482,13730994,108568459,1,khรดng hรi lรฒng khรดng tแปt\nchแบฅt lฦฐแปฃng khรดng tแปt
483,26458828,108568459,5,rแบฅt tแปt
484,24908806,108568459,1,Hรng ฤรบng mแบซu nhฦฐng ko ฤรบng sai quรก buแปn ๐ฅ
485,10862316,108568459,1,hรฌnh thรฌ ฤแบนp chแบฅt lฦฐแปฃng thรฌ kรฉm ๐ก
486,791878,108568459,1,giao hรng ko giแปng nhฦฐ mแบซu mร sai size nแปฏa
487,9045258,108568459,1,K ฦฐng cho lแบฏm ๐ฅฒ๐ฅฒ๐ฅฒ\nChแบฅt vแบฃi mแปng
488,7350648,108568459,1,Mรu khรดng giแปng hรฌnh แบฃnh.
489,24652251,108568459,3,"chแบฅt liแปu tแบกm แปn, nhฦฐng chฦฐa cao"
490,21328159,108568459,1,ฤแบทt รกo trแบฏng giao รกo mรu ฤแป ฤรบng sแปฃ luรดn
491,7845462,108568459,1,xรขu giao ko ฤรบng hรng.bรกn kรฌ quรก
492,26636091,108568459,1,khรกc hรฌnh quรก chแป mua mแปt lแบงn
493,26313161,108568459,1,รo nhฤn sรน lแบฑm ฤn nhฦฐ cแบทc
494,26636091,108568459,1,dฦก quรก hแบนn ngรy khรดng mua nแปฏa
495,11118373,108568459,3,"giao hรng nhanh, sแบฃn phแบฉm tแบกm"
496,791878,108568459,1,quรก tแป giao hรng ko ฤรบng quแบฃng cao
497,26210008,108568459,1,ฤit mแบน mรy รกo nhแป xรญu kรชu xl
498,13730994,108568459,2,khรดng hรi lรฒng chแบฅt lฦฐแปฃng khรดng tแปt
499,24734669,108568459,1,ฤฦฐa sai hangjhdjdjdjdjnznzjJaj
500,10862316,108568459,1,chแบฏc lฦฐแปฃng quรก tแป ๐ก.  ๐
501,7350648,108568459,1,Mua 2 size mร giao 1 giao
502,24828297,108568459,5,ฤแบนp
503,896991,108568459,4,"Mรu tฦฐฦกi, phรน hแปฃp vแปi giรก"
504,20038054,108568459,4,sแบฃn phแบฉm ฤแบนp vร rแบป
505,13117172,108568459,5,sแบฃn phแบฉm ฤแบนp
506,25991253,108568459,2,รกo vแบฃi hฦกi giแบฃm nha nรชn 2 sao hoi
507,15630745,108568459,1,รกo giแปg vรฃi len chแปฉ ko nhฦฐ hรฌnh
508,24908806,108568459,3,Mแบซu nรy ฤรบng sai tแบกm ฤc 1 รกo
509,25909880,108568459,5,vแบฃi xแบฅu quรก
510,17823354,108568459,5,tแปi cแปฅc cแปฉc luรดn xแปnn
511,13799761,108568459,1,"รo xแบฅu, vแบฃi xแบฅu, form xแบฅu"
512,13799761,108568459,1,"รo xแบฅu, vแบฃi xแบฅu, form xแบฅu"
513,24461933,108568459,4,Ok
514,24461933,108568459,4,Ok
515,24461933,108568459,4,Ok
516,20038054,108568459,5,chแบฅt luong ฤแบนp
517,26691302,108568459,5,รกo ฤแบนp. ung รฝ
518,18220833,108568459,5,รกo vแบฃi rแบฅt ฤแบนp xinh lung linh
519,26251924,108568459,5,dang dong tien
520,16431946,108568459,5,tแปt
521,16980968,108568459,1,khรดng hรi lรฒng chรบt nรo ..
522,25348810,108568459,3,vแบฃi mแปng gh chแบญm...........
523,25348810,108568459,3,vแบฃi แปn gh chแบญm : ))))))..
524,26160916,108568459,5,rแบฅt tแปt nha
525,26160916,108568459,5,rแบฅt oke nha
526,15702497,108568459,5,รo ฤแบนp nhฦฐ hรฌnh
527,23017130,108568459,5,hรng tแปt
528,12335157,108568459,5,รo mแบทc dc.
529,26915727,108568459,5,ok
530,26069437,108568459,5,hรng ok dep
531,15961587,108568459,5,rแบฅt hรi lรฒng
532,14864971,108568459,5,ok
533,14864971,108568459,5,ok
534,26069437,108568459,5,hรng ok
535,26540082,108568459,5,thรญch
536,25898599,108568459,5,qua ฤแบนp
537,13730994,108568459,4,khรดng hรi lรฒng
538,23597713,108568459,5,tแปt
539,26210008,108568459,5,Ok
540,26585959,108568459,4,.
541,8216094,108568459,5,ฤแบนp
542,24366744,108568459,4,ok
543,18927885,108568459,4,ok
544,24833895,108568459,5,ok
545,25770008,108568459,4,ฤc
546,7059254,103076103,5,"hรng ฤแบนp, giao nhanh, ฤรณng gรณi ฤแบนp"
547,20713269,73570874,1,"Lแปซa ฤแบฃo! ฤแบทt cam ฤแบฅt( mรu bรฒ) mร gแปญi mรu hแปng, ฤแบทt size M thรnh freesize, cแป trรฒn thรnh cแป tim, cแป bแบป"
548,20713269,73570874,1,"Lแปซa ฤแบฃo! รo cแป trรฒn size M lแบกi gแปญi hรng freesize, ฤแบทt 2 cแป trรฒn thรnh 1 bแบป 1 trรกi tim...kkk...Dรนng lรm khฤn lau chรนi khรดng biแบฟt cรณ thแบฅm nฦฐแปc ฤฦฐแปฃc khรดng nแปฏa!"
549,1002652,73570874,1,"Khรดng biแบฟt lร shop bรกn ฤแป secondhand hay lร sao? Nhฦฐng dรน cรณ lร secondhand thรฌ cลฉng nรชn giแบทt sแบกch sแบฝ trฦฐแปc khi giao cho khรกch hรng. Mรฌnh mua cลฉng khรก lรขu, nay mแป hแปp ra dรนng thรฌ phรกt hiแปn ra ฤแป dรญnh dฦก rแบฅt nhiแปu, giแป ฤem giแบทt cลฉng khรดng biแบฟt cรณ sแบกch ฤฦฐแปฃc khรดng nแปฏa. Thiแปt buแปn quรก mร..."
550,1002652,73570874,1,"Khรดng biแบฟt lร shop bรกn ฤแป secondhand hay lร sao? Nhฦฐng dรน cรณ lร secondhand thรฌ cลฉng nรชn giแบทt sแบกch sแบฝ trฦฐแปc khi giao cho khรกch hรng. Mรฌnh mua cลฉng khรก lรขu, nay mแป hแปp ra dรนng thรฌ phรกt hiแปn ra ฤแป dรญnh dฦก rแบฅt nhiแปu, giแป ฤem giแบทt cลฉng khรดng biแบฟt cรณ sแบกch ฤฦฐแปฃc khรดng nแปฏa. Thiแปt buแปn quรก mร..."
551,1002652,73570874,1,"Khรดng biแบฟt lร shop bรกn ฤแป secondhand hay lร sao? Nhฦฐng dรน cรณ lร secondhand thรฌ cลฉng nรชn giแบทt sแบกch sแบฝ trฦฐแปc khi giao cho khรกch hรng. Mรฌnh mua cลฉng khรก lรขu, nay mแป hแปp ra dรนng thรฌ phรกt hiแปn ra ฤแป dรญnh dฦก rแบฅt nhiแปu, giแป ฤem giแบทt cลฉng khรดng biแบฟt cรณ sแบกch ฤฦฐแปฃc khรดng nแปฏa. Thiแปt buแปn quรก mร..."
552,13822026,73570874,1,"Chon size L ban M , mau vang nhan mau do"
553,5805393,73570874,5,Sแบฃn phแบฉm ฤรฃ mua. chแบฅt lฦฐแปฃng tแปt. ฤรกnh giรก chแป mang tรญnh chแบฅt nhแบญn xu. cแบฃm ฦกn cรกc bแบกn. mฦฐa to quรก. Tiki free ship. Mua rแบฅt nhiแปu mร ko lo phรญ ship
554,5805393,73570874,5,Sแบฃn phแบฉm ฤรฃ mua. chแบฅt lฦฐแปฃng tแปt. ฤรกnh giรก chแป mang tรญnh chแบฅt nhแบญn xu. cแบฃm ฦกn cรกc bแบกn. mฦฐa to quรก. Tiki free ship. Mua rแบฅt nhiแปu mร ko lo phรญ ship
555,5805393,73570874,5,Sแบฃn phแบฉm ฤรฃ mua. chแบฅt lฦฐแปฃng tแปt. ฤรกnh giรก chแป mang tรญnh chแบฅt nhแบญn xu. cแบฃm ฦกn cรกc bแบกn. mฦฐa to quรก. Tiki free ship. Mua rแบฅt nhiแปu mร ko lo phรญ ship
556,20713269,73570874,1,"Lแปซa ฤแบฃo! ฤแบทt ฤen mร gแปญi mรu hแปng, ฤแบทt size M thรnh freesize, cแป trรฒn thรnh cแป tim, cแป bแบป"
557,13435038,73570874,1,"ฤแป nhฦฐ bรกn ฤแป cแปง ( hรng sida), mua 2 รกo cรนng mแปt loแบกi vแบฃi, mรu lแบกi giao hรng thรnh 2 loแบกi khรกc nhau"
558,5805393,73570874,5,Sแบฃn phแบฉm ฤรฃ mua. chแบฅt lฦฐแปฃng tแปt. ฤรกnh giรก chแป mang tรญnh chแบฅt nhแบญn xu. cแบฃm ฦกn cรกc bแบกn. mฦฐa to quรก. Tiki free ship. Mua rแบฅt nhiแปu mร ko lo phรญ ship
559,5433032,73570874,1,Giao hรng khรดng ฤรบng mรu vรng bรฒ ฤรฃ chแปn. Mua 4 cรกi รกo cรนng loแบกi chแปn 4 mรu khรกc nhau nhฦฐng nhแบญn ฤฦฐแปฃc 4 cรกi chแบฅt liแปu vแบฃi hoรn toรn khรกc nhau luรดn.
560,5805393,73570874,5,Chแบฅt lฦฐแปฃng sแบฃn phแบฉm tแปt Tiki ฤรณng gรณi vร giao hรng nhanh. Nhรขn viรชn tฦฐ vแบฅn tuyแปt vแปi. Yรชu TiKi vรฌ cรณ tiki now ko phแบฃi lo phรญ vแบญn chuyแปn
561,7059254,73570874,4,"mรฌnh tฦฐแปng รกo thun mแบทc nhร cho nam nhฦฐng khi nhแบญn thรฌ hai รกo lร hai loแบกi vแบฃi khac nhau , mแปt cรกi mแปng mแปt cรกi day nรณng khรดng phรน hแปฃp cho nam nรชn mรฌnh cho chรกu gรกi rแปi thay vรฌ tรญnh mua cho chรกu trai๐"
562,437275,73570874,1,"ฤแบทt size XL giao cรกi รกo nhแป xรญu, ko cรณ may mรกc size vร nhฦฐ รกo form nแปฏ nแปฏa. Nแบฟu lร รกo free size thรฌ nรชn ghi rรต, bรกn nhฦฐ lแปซa dแปi KH. ฤแป nghแป trแบฃ hรng cho shop."
563,23107112,73570874,1,"mua 4 ao, nhung chi giao 3 ao khong dung size, 2cai qua *** con 1 cai thi qua nho, neu khong co thi bao dung giao vay mat uy tin qua"
564,9163271,73570874,1,"Nhร bรกn hรng dแปi trรก: khรดng phแบฃi cotton mร lร thun quรก mแปng; size khรดng vแปซa, 2xl mร nhแป quรก khรดng mแบทc vแปซa, mua uแปng tiแปn."
565,6467682,73570874,1,ฤแบทt รกo mรu vรng nhฦฐng nhแบญn dc ko phแบฃi lร mรu vรng. \r\nฤแบทt size L nhฦฐng nhแบญn dc lร size M.\r\n1 sao ezpz
566,17823460,73570874,5,Chแบฅt lฦฐแปฃng sแบฃn phแบฉm tuyแปt vแปi Tuyแปt vแปi\r\nฤรณng gรณi sแบฃn phแบฉm rแบฅt ฤแบนp vร chแบฏc chแบฏn luรดn แบฅy\r\nShop phแปฅc vแปฅ rแบฅt tแปt ฤรณ nha\r\nThแปi gian giao hรng rแบฅt nhanh
567,5505198,73570874,3,ฤแบถT 3 CรI รO THUN ฤEN Mร GIAO Cร 1 CรI TรNH TIแปN 3 CรI Lร SAO Dแป
568,5805393,73570874,5,Sแบฃn phแบฉm ฤรฃ mua. chแบฅt lฦฐแปฃng tแปt. ฤรกnh giรก chแป mang tรญnh chแบฅt nhแบญn xu. cแบฃm ฦกn cรกc bแบกn. mฦฐa to quรก. Tiki free ship. Mua rแบฅt nhiแปu mร ko lo phรญ ship
569,20114628,73570874,1,"ฤแบทt รกo size M, giao cรกi รกo khรดng cรณ ghi rรต size rแปng hฦกn รกo xxl nแปฏa, รกo thรฌ dรญnh mรu, vแบฃi thรฌ giรฃn, kรฉm chแบฅt lฦฐแปฃng, mแบทc xแป muแปn tแปi ฤแบงu gแปi. Shop khรดng uy tรญn xแปฉng ฤรกng nhแบญn 1* nhรฉ."
570,16113690,73570874,5,"Chแบฅt lฦฐแปฃng vฦฐแปฃt tแบงm giรก, lรขu lแบฏm rแปi mแปi cรณ mแปt thฦฐฦกng hiแปu thแปi trang lรm mรฌnh hรi lรฒng ฤแบฟn vแบญy\nSแบฝ แปงng hแป brand nhiแปu hฦกn nแปฏa. Giแป em ฤi ฤiแปn thoแบกi mแปi cรกi ฤรฃ, cรกi nรy hแบฟt pin rแปi"
571,18220833,73570874,5,"Lแบงn trฦฐแปc cรณ mua cแปงa shop 3 cรกi รกo trแบฏng thแบฅy khรก lร ฦฐng, lแบงn nรy  mua thรชm 2 cรกi trแบฏng \n nแปฏa vแบซn ฤแบนp y nhฦฐ lแบงn trฦฐแปc, sแบฝ แปงng hแป shop vรo lแบงn sau"
572,1120136,73570874,1,"Chแบฅt liแปu vแบฃi - rแบป nhฦฐ cรกi giรก cแปงa nรณ.\r\nSแบฃn phแบฉm khรดng ฤแป size. Hรng thแปฑc tแบฟ rแบฅt nhแป, chแป bแบฑng size S."
573,28628722,73570874,5,Tแปt vแบฃi mแปm
574,16350155,73570874,1,ฤแบทt mรu vรg giao mรo hแปng sezi xl lแบกi giao nhแป xรญu
575,8173393,73570874,2,Mรฌnh dแบทt mua 2 cรกi mร shop gแปงi cรณ mแปt vรกi vแบญy
576,23310531,73570874,2,Khรดng giแปng hรฌnh quแบฃng cรกo mแปt tแบนo nรo hแบฟt
577,8135564,73570874,5,Chแบฅt lฦฐแปฃng giรก rแบป vแปซa รฝ lแบฏm
578,8135564,73570874,5,Hรng ฤแบนp giรก hแปฃp lรฝ vแปซa lรฒng
579,8135564,73570874,5,Hรng ฤแบนp giรก hแปฃp lแป cแบฃm ฦกn
580,23310531,73570874,3,"Giao รกo cแปงa nแปฏ, chแบฅt lฦฐแปฃng tแบงm thฦฐแปng"
581,18219404,73570874,5,"ฤแป ฤแบนp , rแบฅt lร ฦฐng luรดn nha shop.\r\nChแบฅt lฦฐแปฃng sแบฃn phแบฉm tuyแปt vแปi \r\nฤรณng gรณi sแบฃn phแบฉm rแบฅt ฤแบนp vร chแบฏc chแบฏn"
582,13428093,73570874,5,"Hรng mแบทc mรกt, chแบฅt lฦฐแปฃng แปn trong phรขn khรบc giรก rแบป. Thanks shop"
583,27168343,73570874,2,รกo nhฦฐ cรกi mรนng vรฃi thฦฐa nhฦฐ mรนng lแบกi cรฒn giรฃn cแบงm nhแบน thรดi ฤรฃ giรฃn lแป hแบฟt vรนng รกo ae mua cแบงn lฦฐu รฝ
584,18220338,73570874,5,"Hรng rแบฅt ฤแบนp , rแบฅt ฦฐng รฝ \r\nรo mแบทc rแบฅt mรกt , khรดng quรก mแปng \r\nSแบฝ แปงng hแป shop tiแบฟp"
585,27937763,73570874,4,tแบกm ฤฦฐแปฃc. ฤฦฐแปng may vแบซn hฦกi lรฒi chแป.
586,12651861,73570874,1,"khรดng phแบฃi hรng cotton. mแบทt trong sแบงn sรนi lแบฏm.lรดng. May xแบฅu, แบฉu lแบฏm"
587,8135564,73570874,5,รo ฤแบนp lแบฏm cแบฃm ฦกn
588,8135564,73570874,5,Quรก ฤแบนp cแบฃm ฦกn
589,1297280,73570874,1,"Shop lแปซa ฤแบฃo, hรng bรกn vร hรng thแปฑc tแบฟ ko ฤรบng"
590,18319469,73570874,1,Khรดng ฤรบng mรด tแบฃ. Quแบฃng cรกo mแปt ฤฦฐแปng giao hรng mแปt nแบปo
591,9696067,73570874,1,shop lรm ฤn lแปซa ฤแบฃo yรชu cแบงu hoรn trแบฃ lแบกi hรng
592,18964427,73570874,1,Bรกn hรng lแปซa ฤแบฃo. ฤแบทt 4 cรกi รกo thung mร giao cรณ 1 cรกi khuyรชn mแปi ngฦฐแปi ฤแปซng bao giแป mua hรng cแปงa shop nรy
593,18220427,73570874,5,รo y nhฦฐ hรฌnh nha mแปi ngฦฐแปi form rแบฅt lร ok  vแบฃi mแบทc mรกt nรณi chung nรชn mua
594,18319469,73570874,1,Quแบฃng cรกo mแปt ฤฦฐแปng giao hรng mแปt nแบปo. Thแบญt tแป
595,1771841,73570874,1,quรก tแป. รกo rรกch lแปงng lแป nhฦฐ cรกi giแบป
596,323801,73570874,3,"Hฦกi chแบญt so vแปi size, chแบฅt thun cลฉng tแบกm chแบฅp nhแบญn ฤc, hฦกi khรด rรกp vร mแปng."
597,14102246,73570874,5,Chแบฅt lฦฐแปฃng ฤรบng vแปi giรก tiแปn
598,9696067,73570874,1,Giao nhแบงm size m thรnh size l mong tiki ฤแปi แบก
599,20571389,73570874,1,"รกo chแบฅt vแบฃi ฤแป lรดng, vแบฃi quรก xแบฅu."
600,17498960,73570874,1,tiแปn nรo cแปงa nแบฅy vแบฃi mแปng dแป nhฤn giแบทt mร vแบฏt khรด phฦกi nแบฏng lร ฤรณng cแปฅc nhฦฐ dแบฝ lau nhร
601,20298709,73570874,1,Quรก xแบฅu vแบฃi quรก tแป . Giแบทt 1 2 lแบงn ฤรฃ giรฃn . Thแบฅt vแปng vแป sp
602,13076184,73570874,5,"รo ฤแบนp, giao hรng tiki now max nhanh, shop khuyแบฟn mรฃi giรก rแบป quรก hแปi, mong shop lรm nhiแปu chฦฐฦกng trรฌnh khuyแบฟn mรฃi hฦกn nแปฏa, cแบฃm ฦกn shop"
603,13076184,73570874,5,"รo ฤแบนp, giao hรng tiki now max nhanh, shop khuyแบฟn mรฃi giรก rแบป quรก hแปi, mong shop lรm nhiแปu chฦฐฦกng trรฌnh khuyแบฟn mรฃi hฦกn nแปฏa, cแบฃm ฦกn shop"
604,13076184,73570874,5,"รo ฤแบนp, giao hรng tiki now max nhanh, shop khuyแบฟn mรฃi giรก rแบป quรก hแปi, mong shop lรm nhiแปu chฦฐฦกng trรฌnh khuyแบฟn mรฃi hฦกn nแปฏa, cแบฃm ฦกn shop"
605,13076184,73570874,5,"รo ฤแบนp, giao hรng tiki now max nhanh, shop khuyแบฟn mรฃi giรก rแบป quรก hแปi, mong shop lรm nhiแปu chฦฐฦกng trรฌnh khuyแบฟn mรฃi hฦกn nแปฏa, cแบฃm ฦกn shop"
606,13076184,73570874,5,"รo ฤแบนp, giao hรng tiki now max nhanh, shop khuyแบฟn mรฃi giรก rแบป quรก hแปi, mong shop lรm nhiแปu chฦฐฦกng trรฌnh khuyแบฟn mรฃi hฦกn nแปฏa, cแบฃm ฦกn shop"
607,13076184,73570874,5,"รo ฤแบนp, giao hรng tiki now max nhanh, shop khuyแบฟn mรฃi giรก rแบป quรก hแปi, mong shop lรm nhiแปu chฦฐฦกng trรฌnh khuyแบฟn mรฃi hฦกn nแปฏa, cแบฃm ฦกn shop"
608,13076184,73570874,5,"รo ฤแบนp, giao hรng tiki now max nhanh, shop khuyแบฟn mรฃi giรก rแบป quรก hแปi, mong shop lรm nhiแปu chฦฐฦกng trรฌnh khuyแบฟn mรฃi hฦกn nแปฏa, cแบฃm ฦกn shop"
609,13076184,73570874,5,"รo ฤแบนp, giao hรng tiki now max nhanh, shop khuyแบฟn mรฃi giรก rแบป quรก hแปi, mong shop lรm nhiแปu chฦฐฦกng trรฌnh khuyแบฟn mรฃi hฦกn nแปฏa, cแบฃm ฦกn shop"
610,13076184,73570874,5,"รo ฤแบนp, giao hรng tiki now max nhanh, shop khuyแบฟn mรฃi giรก rแบป quรก hแปi, mong shop lรm nhiแปu chฦฐฦกng trรฌnh khuyแบฟn mรฃi hฦกn nแปฏa, cแบฃm ฦกn shop"
611,12567447,73570874,5,Hรng rแบฅt lร ok luรดn sแบฝ แปงng hแป dรi dรi
612,21026016,73570874,1,"Mรฌnh ฤแบทt hรng ghi rรต size XL mร shop giao cรกi รกo con nรญt lแปp 2,3 mแบทc lร sao"
613,27848605,73570874,1,delll hแปu lร cรกi j ฤแบทt nรy giao kia saze thรฌ ra ฤรขu ko
614,8817256,73570874,1,hรng gแปญi vแป khรดng nhฦฐ รฝ. mua 3 รกo size Xl mร chแป cรณ 2 cรฒn 1 size S. Mรu khรดng giแปng hรฌnh.
615,14854807,73570874,1,"chแบฅt liแปu k tแปt, รกo mแปng, chแป thรญch hแปฃp dรนng ฤแป mแบทc lรณt"
616,18220952,73570874,5,Hรng ok lแบฏm แบก chแบฅt vแบฃi cลฉng ฤแบนp nรณi chung lร rแบฅt ฤรกng
617,23406057,73570874,4,Mua hรng shop nรy 1 lแบงn sแบฝ ko bao giแป mua lแบกi lแบงn 2. Thun thรฌ ฤฦฐแปฃc. Mร gแปญi mแบซu tรนm lum lแบฏm. Ko nhฦฐ yรชu cแบงu cแปงa khรกch
618,18220530,73570874,5,Shop giao hรng nhanh. ฤรณng gรณi cแบฉn thแบญn. รo co giรฃn. Mรu ฤรบng nhฦฐ แบฃnh
619,6793534,73570874,3,Thun mแปng phรน hแปฃp vแปi sแป tiแปn bแป ra
620,13152139,73570874,5,mแปt sแบฃn phแบฉm tuyแปt vแปi cแบฃ vแป chแบฅt lฦฐแปฃng lแบซn cรกc giao hรng tฦฐ vแบฅn cแปงa shop
621,18319469,73570874,1,Xแบฅu khรดng diแปn ra nรชn lแปi. Thแบญt tแป
622,10341141,73570874,1,"รo co dรฃn nhฦฐ ฤรฃ qua dแปญ dแปฅng , cรณ chแป rรกch , mรฌnh mua vแป tiแปn ฤem ฤi lau bรn ghแบฟ luรดn"
623,10341141,73570874,1,"รo nhแบญn dc mรu sแปฏa nรขu chแปฉ k phแบฃi mรu trแบฏng nhฦฐ ฤรฃ ฤแบทt, tiแปn tay ฤem ฤi lau nhร ."
624,27168343,73570874,2,รกo j mร nhฦฐ cรกi mรนng vแบญy vแบฃi thฦฐa lแบกi cรฒn giรฃn ae lฦฐu รฝ khi mua hรng
625,27319736,73570874,1,"thun quรก tแป, size XXL mร ngฦฐแปi 55kg mแบทc chแบญt nรญch."
626,15023098,73570874,2,Tiแปn nรo cแปงa ฤรณ\r\nKhรดng trรกch ฤc shop
627,10544832,73570874,1,mua ao nguoi *** giao dรฒ em bรฉ sao mat  chan cai shop nay thiet
628,20298709,73570874,1,Chแบฅt lฦฐแปฃng quรก tแป . Vแบฃi quรก xแบฅu dแป giรฃn
629,14102246,73570874,5,Giรก rแบป
630,14102246,73570874,5,Giรก rแบป
631,14102246,73570874,5,Giรก rแบป
632,1850088,73570874,5,"sแบฃn phแบฉm chแบฅt lฦฐแปฃng, kรจm  hแปp ฤแปฑng sang trแปng , nhรฌn hแปp rแบฅt ฤแบนp"
633,8632393,73570874,1,"Khรดng hiแปu sao รกo bแป cแบฏt tem, cรฒn bแป thแปงng nแปฏa chแปฉ"
634,17274953,73570874,1,"รกo ko nhฦฐ hรฌnh,chแบฅt liแปu khรกc.ฤแปซng mua"
635,17757424,73570874,5,"Giao ฤรบng ฤแปง sแป lฦฐแปฃng, giao hรnh nhanh, ฤรณng gรณi cแบฉn thแบญn, hรi lรฒng vแป chแบฅt lฦฐแปฃng sแบฃn phแบฉm"
636,14964184,73570874,1,"quรก nhแป, khรดng ฤรบng size XXL, kรญch thฦฐแปc khรดng giแปng nhau."
637,26310772,73570874,4,giao hรng nhanh \nsแบฃn phแบฉm hแปฃp giรก tiแปn
638,7687407,73570874,2,"mรu vรng bรฒ, mรu xanh thiรชn thanh!"
639,20670435,73570874,3,Sz M mร rแปng nhฦฐ sz L vร Xl
640,13796340,73570874,1,"thรขฬt voฬฃng. maฬu k nhฦฐ hiฬnh/ chรขฬt liรชฬฃu nhaฬo/ nhiรชฬu vรชฬt รดฬ vaฬng,"
641,18034701,73570874,1,Khรดng ฤรบng hรng nรชn nhแป ฤแปi lแบกi mรu sรกm XXL loแบกi to cแปงa nam แบก! Xin cรกm ฦกn
642,17195572,73570874,5,"Sรกch ฤแบนp, rแบฅt thรญch mua sรกch cแปงa tiki, dแบนp, sale rแบป, giao nhanh, nรณi chung cแปฑc kแปณ ฦฐng รฝ luรดn"
643,19774514,73570874,3,hฦกi nรณng vร ko thแบฅm mแป hรดi
644,18220530,73570874,5,"sแบฃn phแบฉm ฤแบนp, giรก rแบป, chuแบฉn khรดng cแบงn chแปnh, แปงng hแป shop nรy vร tiki."
645,24799780,73570874,1,vแบฃi kรฉm chแบฅt lฦฐแปฃng .khรดng nรชn mua
646,14410683,73570874,4,mรu vรng bรฒ nhฦฐng quรก tแปi ra ngoรi mรu ฤแบญm hฦกn nhรฌu giแปng mรu nรขu
647,13800384,73570874,5,ok
648,7687407,73570874,2,"sai mรu, khรกc vแปi hรฌnh ฤฤng, khac xa hoan toan, hoi buแปn"
649,15112955,73570874,5,"Giรก rแบป , hรng ok"
650,11161324,73570874,2,cccccccccc cccccccccc cccccccccc cccccccccc
651,17566343,73570874,5,"mua sale nรชn rแบฅt hรi lรฒng, vแบฃi ฤแบนp,mรu xanh cลฉng rแบฅt ฤแบนp,hแปฃp vแปi chแปng mรฌnh,5 sao"
652,9033726,73570874,5,vแบฃi ฤแบนp ฤรกng mua.
653,13041875,73570874,1,shop cแบงn cแบฃi thiแปn nแบฟu khรดng muแปn sแบญp tiแปm!!!
654,26615359,73570874,5,"Rแบฅt hรi lรฒng, thk"
655,18219819,73570874,5,Vแบฃi รกo แปn. ฤฦฐแปng may ฤแบนp
656,7769131,73570874,1,"kรฉm, sai mรu, form xแบฅu, vแบฃi giรฃn nhรu nรกt luรดn"
657,17195572,73570874,5,"Bรบt siรชu cute luรดn, mรu vรng nhรญ nhแบฃnh, mแปฑc รชm, hรฌnh cฦฐng xแปu luรดn, cแปฅc kแปณ vแปซa รฝ"
658,9033726,73570874,5,"vแบฃi, from OK, ฤแบนp."
659,9033726,73570874,5,"vแบฃi, from OK, ฤแบนp."
660,23133150,73570874,1,ao ko co sezi xxl ma  mac ko duoc qua nho
661,24799780,73570874,1,chแบฅt vแบฃi kรฉm. khรดng nรชn mua
662,18220530,73570874,5,"รกo ฤแบนp, chแบฅt vแบฃi khรดng bแป nhรฃo khi giแบทt."
663,24899721,73570874,5,ฤแบนp
664,27059547,73570874,5,รกo ฤแบนp nhฦฐng giao lแปn 2 cรกi size nhแป
665,18906860,73570874,3,"รกo ฤแบนp , vแบฃi tแปt nhฦฐng ฤฦฐแปng chแป may cแบฉu thแบฃ"
666,19012388,73570874,3,Khรดng phแบฃi cotton nรชn mแบทc nรณng
667,19508714,73570874,1,"Shop lรm ฤn nhฦฐ hแบกch vแบญy, mua mแบซu nรy ฤi gแปญi mแบซu kia"
668,11522340,73570874,2,"vแบฃi hฦกi mแปng, tiแปn nรo cแปงa nแบฅy nhแป"
669,11522340,73570874,2,"vแบฃi hฦกi mแปng, tiแปn nรo cแปงa nแบฅy nhแป"
670,11522340,73570874,2,"vแบฃi hฦกi mแปng, tiแปn nรo cแปงa nแบฅy nhแป"
671,11522340,73570874,2,"vแบฃi hฦกi mแปng, tiแปn nรo cแปงa nแบฅy nhแป"
672,11522340,73570874,2,"vแบฃi hฦกi mแปng, tiแปn nรo cแปงa nแบฅy nhแป"
673,11522340,73570874,2,"vแบฃi hฦกi mแปng, tiแปn nรo cแปงa nแบฅy nhแป"
674,23371217,73570874,1,"ฤแบทt รกo nam size XXL giao รกo ฤแปฉa con gรกi 52 kรฝ mแบทc cรฒn chแบญt, thแบฅt vแปng"
675,1107086,73570874,1,Chแบฅt lฦฐแปฃng vแบฃi quรก tแป. รo sau khi giแบทt bแป giรฃn
676,1107086,73570874,1,Chแบฅt lฦฐแปฃng vแบฃi quรก tแป. รo sau khi giแบทt bแป giรฃn
677,1107086,73570874,1,Chแบฅt lฦฐแปฃng vแบฃi quรก tแป. รo sau khi giแบทt bแป giรฃn
678,5783072,73570874,5,Ok
679,40575,73570874,5,sp tแปt
680,40575,73570874,5,sp tแปt
681,19687532,73570874,5,Hรng ฤรบng mรด tแบฃ
682,7626196,73570874,5,"รo vแปซa vแบทn, chแบฅt vแบฃi ฤแบนp, mแบทc mรกt vร thแบฅm mแป hรดi tแปt ????"
683,10424748,73570874,5,giao haฬng nhanh .thun mฤฬฃc mat
684,17853145,73570874,5,"รกo ฤแบนppppppppppppppp,cแบฃm ฦกn shop,thแบญt chแบฅt lฦฐแปฃng"
685,17498960,73570874,1,vแบฃi kรฉm ..tiแปn nรo cแปงa nแบฅy
686,18064668,73570874,5,"vแบฃi mแบทc khรก mรกt cรณ ฤiแปu ฤแบทt nhแบงm cแปก mแบทc rแปng, chแบฅt lฦฐแปฃng vแบฃi ok vแบซn cho full sao"
687,18079521,73570874,5,Sแบฃn phแบฉm chแบฅt lฦฐแปฃng
688,26221549,73570874,1,hรng xแบฅu ko ฤรบng mแบซu ฤแบทt lแปn size
689,15688739,73570874,5,"sแบฃn phแบฉm khรก ok. tiki ฤรณng gรณi cแบฉn thแบญn, giao hรng nhanh. thanks tiki"
690,15688739,73570874,5,"sแบฃn phแบฉm khรก ok. tiki ฤรณng gรณi cแบฉn thแบญn, giao hรng nhanh. thanks tiki"
691,15688739,73570874,5,"sแบฃn phแบฉm khรก ok. tiki ฤรณng gรณi cแบฉn thแบญn, giao hรng nhanh. thanks tiki"
692,15688739,73570874,5,"sแบฃn phแบฉm khรก ok. tiki ฤรณng gรณi cแบฉn thแบญn, giao hรng nhanh. thanks tiki"
693,14778394,73570874,1,"Khรดng ฤรบng size khรดng giแปng แบฃnh, chแบฅt liแปu vแบฃi quรก xแบฅu"
694,7769131,73570874,1,"xรขu, vแบฃi xแบฅu, form xแบฅu แบก."
695,15688739,73570874,5,"sale giรก tแปt, chแบฅt lฦฐแปฃng sแบฃn phแบฉm ok. giao hรng nhanh.thanks tiki"
696,24262918,73570874,1,"รกo ko giแปng mแบฉu, lรm giแบป lau thรฌ ฤc..."
697,15426886,73570874,1,rแบฅt ko hรi lรฒng. gแปญi toรn ฤแป con nรญt ko ak.
698,22043079,73570874,3,vแบฃi dแป bแป co rรบt khรดng tแปt
699,18080909,73570874,5,Cotton co dแบซn rแบฅt tแปt
700,9723963,73570874,4,tแปt
701,9723963,73570874,4,tแปt
702,9723963,73570874,4,tแปt
703,1716332,73570874,5,"hฦกi rแปng 1 chรบt, nรชn ace chแป size giแบฃm 1 mแปฉc lร ฤc"
704,25736578,73570874,3,รกo hฦกi bแบฉn giao ฤรบng hรng
705,7710681,73570874,1,"mua รกo nam giao รกo nแปฏ, chรกn chแบฃ muแปn nรณi."
706,18220212,73570874,5,"รกo thoแบฃi mรกi,a ngiu mk rแบฅt thรญch cแบฃ ฦกn shop"
707,10544832,73570874,1,ao be 10 tuoi mat k vua sao nguoi lon mat vua
708,8222726,73570874,4,Sแบฃn phแบฉm tแปt
709,10424748,73570874,5,giao haฬng nhanh
710,10424748,73570874,5,giao haฬng nhanh
711,26221549,73570874,1,quรก tแป hรng xแบฅu kem chat luong
712,26221549,73570874,1,รกo xแบฅu quรก tแป kรฉm chat luong
713,22043079,73570874,5,tแบฅm แปn trong giรก tiแปn
714,22449658,73570874,4,nhแบงm size tรดi ฤแบทt XXL mร ra XL
715,7012725,73570874,5,"sแบฃn phแบฉm tแปt , rแบฅt ฤรกng ฤแปng tiแปn bรกt gแบกo"
716,15856898,73570874,1,Chแบฅt liแปu vรฃi kรฉm chแบฅt lฦฐแปฃng. Mua vแป khรดng dรนng ฤฦฐแปฃc.
717,15647551,73570874,1,รกo nhแบญn ko nhฦฐ hรฌnh chup.......
718,1031725,73570874,1,"Sแบฃn phแบฉm kรฉm chแบฅt lฦฐแปฃng, quรก thแบฅt vแปng"
719,15647551,73570874,1,รกo nhแบญn khรดng nhฦฐ hรฌnh chแปฅp
720,16717794,73570874,5,ฤรบng nhฦฐ mรด tแบฃ
721,24367029,73570874,4,hรng oke
722,26221549,73570874,1,xau kem chat luong quรก tรช
723,22043079,73570874,4,OK vแปi giรก tiแปn
724,15650776,73570874,4,"Mรฌnh mแบทc size L nhฦฐng size L cแปงa shop khรก to, khรดng biแบฟt mรฌnh cรณ thแป ฤแปi ฤc k nhแป ?"
725,18220427,73570874,5,"รกo  rแบฅt ฤแบนp, thoแบฃi mรกi vแบฃi ok"
726,18220338,73570874,5,"รกo mแบทc thoแบฃi mรกi,lรชn from chuแบฉn"
727,20596971,73570874,5,tแป
728,19763001,73570874,5,dep
729,19763001,73570874,5,dep
730,19763001,73570874,5,dep
731,14410683,73570874,3,"giao khรกc loแบกi, รกo thun giรy"
732,22438511,73570874,1,khรดng ฤรบng mรu vแปi chแบฅt liแปu vแบฃi khรดng giแปng trong hรฌnh
733,1037874,73570874,1,"Nรณi chung ghi chแบฅt cotton mร mแบทc khรก nรณng, ko thoรกt mแป hรดi, rแบฅt khรณ chแปu."
734,13954451,73570874,5,"Giao hรng rแบฅt nhanh, sแบฃn phแบฉm ok rแบฅt แปn so vแปi giรก tiแปn"
735,16914441,73570874,5,"Giao hรng nhanh, ฤรณng gรณi chแบฏc chแบฏn. ???????????"
736,16914441,73570874,5,"Giao hรng nhanh, ฤรณng gรณi chแบฏc chแบฏn. ???????????"
737,11229095,73570874,1,Gแปi nhแบงm รกo nแปฏ vร size quรก nhแป
738,13312043,73570874,4,"Ok ,tรดi hรi lรฒng"
739,19360701,73570874,3,"Giao hรng hฦกi chแบญm, hรng cลฉng ok"
740,16113690,73570874,5,Chแบฅt lฦฐแปฃng vฦฐแปฃt tแบงm giรก
741,15297425,73570874,1,Khรดng giแปng nhฦฐ trong hรฌnh
742,15297425,73570874,1,Khรดng giแปng nhฦฐ trong hรฌnh
743,16087032,73570874,4,giรก tแปt
744,11900957,73570874,2,vรฃi mแปng quรก ฤi thรดi nha .
745,15545661,73570874,1,giao ko ฤรบng size 2234445ggvb
746,15297425,73570874,5,ฤรบng nhฦฐ trong hรฌnh
747,21877066,73570874,3,mรฃ sแป ko ฤรบng theo ngฦฐแปi ฤแบทt hรng
748,19914859,73570874,5,vแปซa ฤแบนp vs rแบป....ba tรดi rแบฅt thik รกo ฤรณ
749,19194368,73570874,1,Giao sai sแบฃn phแบฉm............
750,1037874,73570874,1,"Cho 1 sao, chแบฅt lฦฐแปฃng รกo khรก tแป, tiแปn nรo cแปงa nแบฅy :)"
751,1037874,73570874,1,"Mua 4 mรu, mรu nรy chรกn nhแบฅt, vแบฃi mแบทc khรณ chแปu nhแบฅt."
752,26123443,73570874,5,ok
753,19763001,73570874,5,gia tot
754,17752992,73570874,5,ok
755,1716332,73570874,5,Thรชm แบฃnh
756,1716332,73570874,5,Thรชm แบฃnh
757,7960713,73570874,5,"Hรng ฤแบนp , chแบฅt liแปu vแบฃi tแปt . Khรดng cรฒn gรฌ ฤแป chรช"
758,1662127,73570874,5,"Giao hรng rแบฅt nhanh (do hแป trแปฃ TikiNow), รกo mแบทc thoรกng mรกt."
759,11959654,73570874,1,Hรng ko ฤรบng mรด tแบฃ chแบฅt liแปu
760,12142103,73570874,4,Ok
761,12142103,73570874,4,Ok
762,12142103,73570874,4,Ok
763,12142103,73570874,4,Ok
764,12142103,73570874,4,Ok
765,12142103,73570874,4,Ok
766,22438511,73570874,3,khรดng ฤลฉng mแบซu cho lแบฏm ...
767,14335742,73570874,1,"Chแบฅt nรณng, mแบทc mรนa hรจ cแบฃm giรกc bรญ"
768,1037874,73570874,1,"Khรดng thoรกt mแป hรดi, mแบทc nรณng vร khรณ chแปu."
769,15375293,73570874,2,Hฦกi thแบฅt vแปng nhฦฐng thoii kแป.
770,21877066,73570874,5,tuyแปt vแปi
771,7960713,73570874,5,"Hรng chแบฅt lฦฐแปฃng , khรดng cรณ gรฌ phแบฃi chรช"
772,16087032,73570874,4,แปn
773,11315456,73570874,5,chแบฅt liแปu tแปt
774,15650776,73570874,4,Chแบฅt vแบฃi tแปt.
775,15650776,73570874,4,Chแบฅt vแบฃi tแปt
776,15650776,73570874,5,รo ฤแบนp !
777,16819671,73570874,1,"(*) ฤรกnh giรก khรดng tรญnh ฤiแปm\nShop giao hรng lรm sao mร ฤแบทt size lแปn mร shop lแบกi giao size nhแป, ฤแบทt mรu vรng bรฒ thรฌ giao mรu ฤแป gia khรดnh ฤรบng mรi khi ฤรฃ ฤแบทt"
778,16819671,73570874,1,(*) ฤรกnh giรก khรดng tรญnh ฤiแปm\nฤแบทt mรu vรng bรฒ mร giao mรu ฤแป
779,16819671,73570874,1,(*) ฤรกnh giรก khรดng tรญnh ฤiแปm\nฤแบทt size XL mร nhรฌn cรกi รกo nhแป xรญ sao mแบทc
780,16819671,73570874,1,(*) ฤรกnh giรก khรดng tรญnh ฤiแปm\nฤแบทt รกo size XL mร gia cรกi รกo nhแป xรญ sao mแบทc
781,22340929,73570874,1,(*) ฤรกnh giรก khรดng tรญnh ฤiแปm\nNgฦฐแปi giao hรng thรกi ฤแป cแปฑc tแป. Ko xรi tiki nแปฏa
782,21121167,136173457,4,Cลฉng ฤc mร gแปญi รกo to quรก mรฌnh ko mแบทc ฤc
783,23887595,136173457,2,Khรดng giแปng QC. Dรน sao cho 2**
784,27195718,136173457,5,rแบฅt hรi lรฒng.chแบฅt liแปu vแบฃi tแปt.gแปญi hรnh nhanh
785,17445087,136173457,1,"size nhแป, mแบทc khรดng vแปซa, lรm giแบป lau nhร rแปi."
786,12259253,136173457,5,sแบฃn phแบฉm tแปt
787,13173699,77239444,5,"Chแบฅt lฦฐแปฃng sแบฃn phแบฉm tuyแปt vแปi luรดn, vแปi giรก nhฦฐ thแบฟ mร ฤฦฐแปฃc mแปt chiแบฟc รกo vรด cรนng ฦฐng รฝ luรดn, ฤรณng gรณi sแบฃn phแบฉm thรฌ rแบฅt kฤฉ, shop phแปฅc vแปฅ rแบฅt nhiแปt tรฌnh, giao hรng nhanh, shipper thรขn thiแปn..."
788,18219404,77239444,5,"Chแบฅt vแบฃi hฦกi mแปng so vแปi tฦฐแปng tฦฐแปฃng cแปงa mรฌnh, nรณi chung thรฌ mua mแบทc mรนa hรจ hแปฃp"
789,15512231,136157116,5,"ฤแบนp rแบป, lแบฅy แบฃnh tแบกm, vแปซa vแปi giรก sแบฝ tiแบฟp tแปฅc แปงng hแป shop."
790,27696219,136157116,4,Mรu sแบฏc ฤแบนp hแปฃp vแปi giรก tiแปn
791,24752522,136157116,1,รo bแป lแปi bung chแป may SP kรฉm - 10 ฤiแปm
792,1755682,136157116,3,Sแบฃn phแบฉm khรดng cรณ tรกc dแปฅng thoรกt khรญ hoแบทc thแบฅm hรบt mแป hรดi.
793,29360241,136157116,5,รo nรy in thรฌ tแปt แปงng hแป shop nhรฉ
794,21549520,136157116,1,ฤแบทt sai XL giao XXL. khรดng cรฒn hรng thรฌ ฤแปซng cรณ giao.
795,10747891,136157116,1,Shop lแปซa ฤแบฃo\r\nTreo ฤแบงu dรช bรกn thแปt chรณ
796,23887595,136157116,2,sแบฃn phแบฉm khรดng giแปng nhฦฐ mรฌnh hแปa.
797,17097952,136157116,1,Khรดng ฤรบng mแบซu. ฤรณng gรณi thรด sฦก nhiแปu bแปฅi bแบฉn
798,919662,136157116,5,chแบฅt vแบฃi trong tแบงm giรก. ฤฦฐแปng may ok k thแปซa chแป. lรชn dรกng แปn
799,6141105,136157116,1,"Khรดng thแป chแบฅp nhแบญn, shop bรกn hรng cแปง"
800,27474833,136157116,1,Sแบฃn phแบฉm khรดng ฤรบng vแปi mแบซu mรฃ ฤฤng bรi .
801,19644191,136157116,3,Mรu vร chแบฅt liแปu khรดng giแปng lแบฏm
802,27893124,136157116,5,Vรฌ ฤแบนp
803,16504601,136157116,1,Ko hรi lรฒng vแป chแบฅt liแปu lแบฏm
804,27195718,136157116,5,rแบฅt hรi lรฒng.shop tฦฐ vแบฅn nhiแปt tรฌnh.gแปญi hรng nhanh
805,17445087,136157116,1,"size nhแป khรดng mแบทc ฤฦฐแปฃc, lรm giแบป lau bรn."
806,27391412,136157116,1,Chแบฅt mแปm mรฌnh chแปn sze hฦกi nhแป
807,27200040,136157116,1,Kรฉm chat luong ma giรก thi cao
808,18955957,136157116,4,"mแปi nhแบญn hรng, nhanh chรณng. chฦฐa thแปญ hรng nแปฏa"
809,19353299,136157116,5,sแบฃn phแบฉm rแบฅt  tแปt
810,17849248,136157116,4,Bt
811,10889668,136157116,1,hรng quรก tแป mแปi ngฦฐแปi khรดng lรชn mua
812,5305839,136157116,5,hรi lรฒng
813,10031818,136157116,5,ok
814,12259253,136157116,5,sแบฃn phแบฉm tแปt
815,7626678,136157116,5,ฤแบนp form chuแบฉn
816,7626678,136157116,5,ฤแบนp form chuแบฉn
817,18337054,136157116,5,ok
818,7992261,136157116,4,tแบกm dc
819,9693265,136157116,5,ฤep
820,27298124,136157116,5,ฤแบนp
821,20023415,136157116,4,xxl mร nhแป quรก mแบทc k vแปซa
822,19414356,136157116,4,ok.ok
823,1297280,136157116,5,ฤรบng nhฦฐ mรด tแบฃ
824,12179575,160883217,5,"Rแบฅt thรญch thฦฐฦกng hiแปu Goking, rแบฅt nhiแปu mแบซu in ฤแบนp vร รฝ nghฤฉa. รo cotton mแบทc mรกt."
825,11995948,172281846,5,"Mua cแปงa Goking rแบฅt nhiแปu lแบงn rแปi. รo mแบทc mรกt, hรฌnh in rรต khรดng dรญnh. ฤรณng gรณi ฤแบนp,"
826,11995983,172281846,5,"tรดi ฤรฃ mua mแบฅy lแบงn bรชn shop rแปi, tแปซ lรบc chฦฐa cรณ รกo in, thรดng sแป chuแบฉn, mแบทt mรกt."
827,11995883,172281846,5,"cแบงm cรกi รกo lรชn lร ฦฐng liแปn, hรฌnh in sแบฏc nรฉt, giao hรng thรขn thiแปn."
828,12179820,10922941,5,"mรฌnh cรณ test xem sao thรฌ thแบฅy vแบฃi thแบฅm hรบt tแปt, mรฌnh hoแบกt ฤแปng nhiแปu nรชn cแบงn lแบฏm nhแปฏng รกo nhฦฐ shop bรกn, giรก cแบฃ hแปฃp lรฝ, giao hรng nhanh"
829,12179147,10785741,5,"ฤรฃ nhแบญn ฤฦฐแปฃc hรng shop. Cแบฃm nhแบญn khi mแบทc lร mแบทc mแปm dแป chแปu , khi chฦกi thแป thao thแบฅm hรบt mแป hรดi tแปt , khรกng khuแบฉn khรดng bแป mรนi hรดi. Mua แปงng hแป thรชm shop 2 cรกi nแปฏa ฤแป mแบทc thay ฤแปi."
830,11995613,10785741,5,"hรi lรฒng lแบฏm shop, mua 2 cรกi ba lแป cho chแปng mร แปng thรญch quรก chแปซng."
831,12179820,10785741,5,"รกo may kแปน, chแบฅt lฦฐแปฃng แปn, sแบฝ แปงng hแป thรชm รกo khรกc bรชn shop"
832,11995686,10785741,5,"Cรกm ฦกn shop ฤรฃ ฤรดi size giรบp, rแบฅt nhanh. Ba mรฌnh rแบฅt thรญch mแบทc รกo cแปงa shop."
833,11995948,10785741,5,"รกo form dรกng ฤแบนp, giแบทc khรดng bแป nhรฃo, mแบทc tแบญp thแป dแปฅc thรญch lแบฏm, shop giao hรng nhanh, phแปฅc vแปฅ chu ฤรกo"
834,11995883,10785741,5,"รกo 3 lแป bรชn shop mแบทc mรกt thแบญt แบฅy, mร shop ra thรชm mรu ฤi shop ฦกi chแปฉ cรณ 2 mรu mรฌnh thแบฅy รญt"
835,12179575,164310055,4,"khรก ok, giรก cแบฃ phรน hแปฃp chแบฅt lฦฐแปฃng"
836,12179575,164251651,5,"Rแบฅt thรญch thฦฐฦกng hiแปu Goking, rแบฅt nhiแปu mแบซu in ฤแบนp vร รฝ nghฤฉa. รo phรดng cotton mแบทc mรกt."
837,18220833,76438775,5,"รกo mแบทt mรกt,thoแบฃi mรกi"
838,18329982,22774390,3,"Vแบฃi dรy, tแปt so vแปi tแบงm giรก"
839,20149396,53135977,5,hรng ฤแบนp giao nhanh โค
840,761756,207765359,5,ฤแบนp
841,19353299,83158705,5,hรng rแบฅt ฤแบนp nฤm mแปi vแบฝ ๐
842,24899721,107420141,5,ฤแบนpppp bรฉ bแบญn xin lรฉm
843,24899721,107420141,5,ฤแบนp lแบฏmmm luรดnnn nรชn mua nha
844,16540374,68027471,5,"Hรฌnh แบฃnh k liรชn quan. ฤรฃ mua hรng cแปงa shop 1 lแบงn ฤรฃ ฦฐng rแปi nรชn lแบงn nรy mua cลฉng k lรm mรฌnh thแบฅt vแปng. Chแบฅt mรกt , mแปm mแปn. Mong shop cรณ nhiแปu sแบฃn phแบฉm hฦกn nแปฏa. Cแบฃm ฦกn tiki ฤรฃ k lรm mรฌnh thแบฅt vแปng"
845,11995983,172910320,5,"Sแบฃn phแบฉm rแบฅt chแบฅt lฦฐแปฃng, ฤรณng gรณi kiแปu Nhแบญt Bแบฃn ฤแบนp. รo mแบทc mรกt vร thแบฅm hรบt mแป hรดi tรดt."
846,11995983,164550568,5,"cแบฃm nhแบญn ฤแบงu tiรชn cแปงa tรดi lร bao bรฌ ฤแบนp, shop in ฤรกm cฦฐแปi chuแปt rแบฅt vn, chแบฅt lฦฐแปฃng รกo thรฌ chฦฐa biแบฟt thแบฟ nรo, nhฦฐng tแบกm thแปi cho 5 sao, hรi lรฒng."
847,11995983,172908253,5,"รo cแป trรฒn cแปงa Goking ฤรบng chแบฅt 100% cotton, mแบทc mรกt vร thoแบฃi mรกi. Hรฌnh in cute dแป thฦฐฦกng."
848,11995948,164551063,5,"Dรน ฤรดi chแป cรฒn may chฦฐa ฤแบนp lแบฏm nhฦฐng ฤฦฐแปฃc cรกi vแบฃi rแบฅt ฤแบนp, hรฌnh in ฤแบนp rแบฅt hแปฃp vแปi รกo nรชn cลฉng hรi lรฒng, mua cรกi nรy lร cรกi thแปฉ 3 rแปi shop"
849,11995948,164550314,5,"bแปฏa chฦกi vui quรก mร quรชn chแปฅp แบฃnh feedback vแป cho shop rแปi, รกo ฤแบนp khรดng cรณ gรฌ phแบฃi chรช."
850,10928682,91848059,5,"hรng nhฦฐ hรฌnh, แปng hฦกi rแปng"
851,615923,91848059,5,"Vแบฃi mแปm, form ฤแบนp"
852,26825207,42424755,5,"Chแบฅt ok, mแบทc chแบฏc แบฅm"
853,18220338,29115771,5,"giao hรng nhanh ฤรณng gรณi cแบฉn thแบญn, chแบฅt lฦฐแปฃng sแบฃn phแบฉm tแปt chแบฅt lฦฐฦกngk sแบฃn phแบฉm tแปt quแบงn ฤแบนp"
854,18220530,29115771,5,Chแบฅt lฦฐแปฃng sแบฃn phแบฉm tuyแปt vแปi.\nShop giao hรng nhanh.\nฤรณng gรณi cแบฉn thแบญn.
855,18220212,29115771,5,"Quแบงn ฤแบนp, vแปซa in, rแบฅt chแบฅt lฦฐแปฃng, nรชn mua nhรฉ mแปi ngฦฐแปi ฦกiiiiii"
856,18219404,29115771,5,"รo rแบฅt ฤแบนp nha, rแบฅt ฤรกng tiแปn, shop giao hรng nhanh, bajshsdvdbd"
857,18220833,29115771,5,Chแบฅt lฦฐแปฃng sแบฃn phแบฉm tแปt\nSแบฝ tiแบฟp tแปฅc แปงng hแป shop.
858,18220952,29115771,5,"Giao hรng rแบฅt nhanh. Sแบฃn phแบฉm nhฦฐ hรฌnh, chแบฅt vแบฃi tแปt"
859,18219819,29115771,5,Vแบฃi dรy dแบทn. ฤฦฐแปng may ฤแบนp. Mแบทc bao แบฅm nha
860,18220427,29115771,5,Quแบงn khรก tแปt. Mแบทc ฤc mรนa thu
861,1107086,29115771,1,Chแบฅt lฦฐแปฃng quรก tแป. Khรดng dรนng ฤฦฐแปฃc
862,18220833,29115771,5,sแบฃn phแบฉm ok
863,13452725,29115771,1,"rรกch vแบฃi , lem mรu , แป vแบฃi ko ฤรกng mua."
864,12259253,29115771,5,ok
865,15784357,82528875,1,shop kinh doanh nhฦฐ bแป phim hรi
866,15784357,82528875,1,shop kinh doanh nhฦฐ bแป phim hรi
867,12124719,111972654,1,Sแบฃn phแบฉm ฤฦฐแปฃc gแปญi khรดng ฤรบng size khรกch hรng order
868,615923,67488235,5,"Vแบฃi dรy, form ฤแบนp"
869,1716332,67488235,5,tu van nhiet tinh
870,7875340,67488235,5,Quแบงn cแปฑc ฤแบนp
871,19763001,6982965,5,hfey
872,24366744,85256178,2,vแบฃi kรฉm chแบฅt lฦฐแปฃng giao muแปn
873,13452725,73744766,5,"giao ฤรบng mรu , giao hรng nhanh , chแบฅt lฦฐแปฃng tuyแปt vแปi . vแบฃi giรฃn 4 chiแปu rแบฅt thoแบฃi mรกi . rแบฅt ฤรกng giรก tiแปn."
874,20571389,73744766,5,sp ok
875,10143016,102086317,5,"Chแบฅt lฦฐแปฃng tแปt, phรน hแปฃp giรก tiแปn, ฤรณng gรณi cแบฉn thแบญn, giao hรng nhanh."
876,10143016,102086317,5,Tแปt!
877,11804431,14678664,2,Ko nhฦฐ mong ฤแปฃi quแบงn xแบฅu vร chแบฅt vแบฃi cลฉng xแบฅu
878,615923,114193983,5,Hรng ฤแบนp nhฦฐ hinh
879,1297280,72287083,1,"Shop bรกn ฤแป lแปซa ฤแบฃo, hรฌnh แบฃnh sแบฃn phแบฉm vร hรng thแปฑc tแบฟ khรกc nhau mแปt trแปi mแปt vแปฑc ๐คฌ๐คฌ๐คฌ๐คฌ๐คฌ"
880,20958490,72287083,4,phai mรu quรก tแบกm ฤk
881,15784357,21972366,3,giao hรng ฤรบng thแปi gian. mร tรบi hแปp tui ฤรขu ? shop giao nhแบงm sแบฃn phแบฉm. bแป qua phแบงn tรบi hแปp thรฌ sแบฃn phแบฉm dc giao cลฉng khรก แปn mแปi tแปi khรก hแบกn chแบฟ  khรดng gian mang vแบญt dแปฅng theo
882,17526728,67656086,3,quแบงn mแบทc oke lแบฏm nha mแปi ngฦฐแปi
883,16378845,74404407,1,"Lแบงn ฤแบงu mua giao ฤรบng mรu,lแบงn thแปฉ hai mua Giao hรng khรดng ฤรบng mรu.khรดng biแบฟt sao ngฦฐแปi bรกn hรng chแป vแป 300k ฤรฃ mแบฏc uy tรญn rแปi."
884,13456,19782902,4,"Vแบฃi mแปm, mแบทc thoแบฃi mรกi. Ok"
885,13456,26081106,4,"Vแบฃi mแปm, mแบทc thoแบฃi mรกi. Ok."
886,1110677,26485771,5,"ฤแบฏn ฤo lแบฏm mแปi quyแบฟt ฤแปnh mua mแบซu nรy, lรบc mแป ra xem thรฌ mแปi bแบฅt ngแป lร quแบงn quรก ฤแบนp, lแบงn ฤแบงu mรฌnh dรนng loแบกi cรณ khoรก kรฉo แป แปng bo, thรญch thแบญt. Vแป chแบฅt lฦฐแปฃng thรฌ vแบฃi ฤแปง dรy nhฦฐng khรดng thรด, sแป rแบฅt sฦฐแปng, hฦกi tiแบฟc lร tรบi quแบงn khรดng cรณ khoรก (ฤแป ฤiแปn thoแบกi mร leo trรจo hay nhแบฅc chรขn ngang hรดng dแป rฦกi ra ngoรi), tรบi rแปng nhฦฐng khรดng sรขu (tแบกm แปn). Tแปng quan ban ฤแบงu mรฌnh khรก ฦฐng mแบซu nรy cแปงa shop.\nTiki giao hรng sแปm hฦกn dแปฑ kiแบฟn 3 ngรy, cลฉng may lร lรบc giao mรฌnh cรฒn แป nhร :))). Chแบฅt lฦฐแปฃng dแปch vแปฅ cแปงa Tiki thรฌ khแปi phแบฃi bรn, nhanh vร chuyรชn nghiแปp"
887,12083209,10576055,4,Vรฃi ฤแบนp !
888,7110825,196156173,5,"Quรก tuyแปt vแปi! Chแบฅt vแบฃi dรy dแบทn, mแบทc vแปซa inh luรดn. Phแบฃi mua thรชm vรi cรกi mแบทc trong tuแบงn! Cho 5 sao!"
889,7937780,52288502,1,"Size S vร L giแปng nhau . Mua S vแป chแบญt tรญ, mua thรชm cรกi L vแป cลฉng giแปng S luรดn. ฤแปi thรฌ k dc"
890,7937780,52288502,1,Size k chuแบฉn nรชn phแบฃi ฤแปฃi ฤแปi
891,12923088,35859476,3,"Tรดi khรดng mแบทc vแปซa dรน 54kg vร lแบฅy size XL, vui lรฒng ฤแปi cho tรดi quแบงn 2XL. Thanks"
